subreddit,post_count,unique_users
AskReddit,3740,120
teenagers,670,22
NoStupidQuestions,437,50
pics,404,43
AskWomen,337,14
trees,308,19
memes,302,32
ftm,297,10
facepalm,262,35
amiugly,251,11
news,238,27
AmItheAsshole,235,31
unpopularopinion,222,30
mildlyinfuriating,220,37
relationship_advice,214,29
offmychest,211,18
worldnews,197,23
Minecraft,197,16
oddlyterrifying,194,14
TrueOffMyChest,187,21
interestingasfuck,184,33
PublicFreakout,174,24
gaming,171,33
ask,171,23
Advice,166,18
TooAfraidToAsk,165,22
loseit,161,11
conspiracy,161,10
atheism,156,14
Drugs,149,16
funny,143,34
Christianity,139,10
Showerthoughts,131,27
relationships,130,10
politics,128,22
aww,119,37
WTF,118,18
TwoXChromosomes,117,15
pcmasterrace,111,21
awfuleverything,110,14
todayilearned,102,26
piercing,101,13
Unexpected,96,20
AskMen,93,22
antiwork,92,20
science,89,22
RandomThoughts,88,17
books,85,19
videos,83,18
AMA,82,18
StupidFood,80,11
cats,79,21
Wellthatsucks,78,17
AskDocs,73,13
Damnthatsinteresting,68,29
me_irl,68,16
RoastMe,66,15
nextfuckinglevel,65,16
meirl,65,18
povertyfinance,62,13
MapPorn,61,11
suggestmeabook,61,13
WhitePeopleTwitter,61,15
wholesomememes,60,21
AITAH,60,11
MadeMeSmile,59,31
movies,55,18
mildlyinteresting,54,28
TikTokCringe,54,14
tipofmytongue,53,10
therewasanattempt,52,15
explainlikeimfive,51,17
writing,50,11
weed,49,13
CasualConversation,48,16
trashy,48,18
BeAmazed,48,16
IAmA,47,13
greentext,45,10
iamatotalpieceofshit,45,12
ThatsInsane,44,10
self,43,12
oddlysatisfying,42,17
Art,41,17
tifu,40,19
dogs,40,10
skyrim,37,10
Music,36,15
nottheonion,36,12
MakeMeSuffer,36,10
terriblefacebookmemes,35,11
assholedesign,32,11
musicsuggestions,32,10
technology,28,14
techsupport,28,11
gifs,26,13
coolguides,25,12
pokemon,24,11
WritingPrompts,24,10
dataisbeautiful,24,13
Funnymemes,23,14
dankmemes,23,11
NintendoSwitch,23,10
starterpacks,22,11
HolUp,22,12
BrandNewSentence,21,10
insanepeoplefacebook,21,11
YouShouldKnow,19,10
confession,19,11
askscience,17,12
drawing,15,10
MorbidReality,14,10
CrappyDesign,14,10
blursedimages,10,10
