subreddit,exclude
MonsterHunterWorld,
chadtronic,
CoronavirusRegret,
WitchesVsPatriarchy,
OSHA,
DiWHY,
canadients,
KidsAreFuckingEvil,
Faces,
martincabello,
lewronggeneration,
Cybersecurity101,
iamverysmart,
NorsePaganism,
dexcom,
truilt,
traaaaaaannnnnnnnnns2,
ftm_irl,
Apollogreekgod,
DataHoarder,
sphynx,
Dell,
UCalgary,
UVU,
Dominions5,
BCI,
kaunas_lithuania,X
rideshare,
AllThatIsInteresting,
RPDRDRAMA,
toronto,
NotHowGirlsWork,
Equestrian,
TELOS,
sbeve,
Hedgehog,
deaf,
ClipChamp,
GoCommitDie,
MenWithToys,
carscirclejerk,
ThatsBadHusbandry,
ImaginaryPortals,
PsychoticHumour,X
ThredUp,
infp,
theories,
wholesomegreentext,
overlanding,
holdmybeer,
JRPG,
youtubedrama,
XboxSeriesX,
pixelsorting,
intermittentfasting,
atheistparents,
Visible,
Metal,
neuroscience,
EDC,
HyperemesisGravidarum,
hamiltonmusical,
vinyl,
justgalsbeingchicks,
arizona,
TIHI,
amateurgirlsbigcocks,
sims2help,
SuicideBereavement,
PiercingAdvice,
ExplainTheJoke,
DaniDev,
prius,
mycology,
JoeBiden,
OurPresident,
bassoon,
math,
GFUEL,
csshelp,
Metaphysics,
thesims,
AskFrance,X
ror2,
study,
Cosmos,
mildlyinteresting,
classicwow,
Cheese,
PointlessStories,
ImaginaryDieselpunk,
Animemes,
Neverbrokeabone,
bahaiquotes,
sillygirlclub,
AvPD,
GoodNotes,
TheCreaturesofSonaria,
YasuoMains,
Market76,
DeepFuckingValue,
Addons4Kodi,
skyrimmods,
ENA,
MetalMemes,
Jennamarbles,
gonner,
dontflinch,
MHRise,
lotr,
TheMajorityReport,
TrueCrime,
irezumi,
Peer_Support_Work,
DoctorsAdvice,X
Warhammer40k,
metroidvania,
lesbianfashionadvice,
Reverb,
venus_angelic,
cults,
BlackPink,
thedavidpakmanshow,
goodreads,
discordVideos,
TFABLinePorn,
flicks,
datingoverthirty,
ImaginaryDC,
vtmb,
slaythespire,
TransTease,
ApparentJokes,
wildbeef,
SquaredCircle,
FtMPorn,
Incense,
DeadRedditors,
Sneks,
jobhunting,
StellarisOnConsole,
YouShouldKnow,
hiphop101,
Sealand,
internetparents,
FemdomCommunity,
McDonaldsEmployees,
twicemedia,
TrainPorn,
zootopia,
GTA7,
takecareofmyplant,
bakeoff,
Everest,
gamedesign,
HackingTechniques,
candy,
NationalPark,
weezer,
MimicRecipes,
YiffPOV,
BoostForReddit,
scifi,
otherkin,
longhair,
dogs,
teaching,
China,X
bois,
gravityfalls,
Cryptozoology,
waifuism,
ImaginaryTemples,
LittleTwigs,
nerdcore,
r4rSeattle,
WaltDisneyWorld,
tonightsdinner,
VictoriaBC,
nfl,
bristol,
Dinkum,
graphic_design,
driving,
Blistkids,
AgeGap,
suboxone,
Transpirobot,
short,
BeardedDragons,
cursedimages,
Mirrorsforsale,
trialsofmana,
darksoulsmemes,
Stephenssausageroll,
u_Complex-Antelope-620,
sketches,
Cursive,
PhR4Friends,X
virtualreality,
StudentNurse,
AstralProjection,
Games,
awesome,
OWConsole,
magicbuilding,
Esquimalt,
newzealand,
Astronomy,
AskMedical,X
delta8,
KassadinMains,
munchies,
u_17michela,
DokiDokiFanartClub,
pussy,
Frugal,
Indiangirlsontinder,X
chemistry,
TightShorts,
Composition,
Simulated,
AskAMechanic,
indie,
Odsp,
UnexpectedlyWholesome,
latterdaysaints,
mushroom,
GFD,
MinecraftCommands,
InsaneVideo,
todayilearned,
tisjustafleshwound,
LiminalSpace,
emoticons,
Gatlinburg,
Minneapolis,
CoronavirusAustralia,
CentrelinkOz,
recruitinghell,
Autism_Parenting,X
Birdsfacingforward,
MortalKombat,
ethstaker,
Shadman,
synthesizers,
Tenant,
ScaramoucheMains,
computer,
GalaxyTab,
videogames,
redditisfun,
8outof10cats,
AWLIAS,
MedicalCannabisOz,
THE_PACK,
PhoenixSC,
OneOrangeBraincell,
musicproduction,
coveryourselfinoil,
SnapChad,
CallOfDutyWorldWarTwo,
nps_solovair,
ParallelView,
RetroFuturism,
dadjokes,
TheLeftCantMeme,
ImaginaryVikings,
askteenboys,
Patapon,
lossprevention,
EatItYouFuckinCoward,
birdwatching,
comics,
rimjob_steve,
yoga,
PromoteYourMusic,
animeindian,X
iosgaming,
pico8,
a:t5_mt9r4,
swtor,
firstworldproblems,
Israel,X
chemtrails,
FlyAKite,
OSDD,X
Lostwave,
Agoraphobia,X
DIY_eJuice,
microsoft,
TimAndEric,
StainedGlass,
BB_Stock,
askdentists,
rule34,
MedicalCoding,X
INTJfemale,
neography,
TrollYChromosome,
Plushophile,
AirRage,
GossipDK,
Kitten,
terencemckenna,
amphibia,
hittableFaces,
60daysin,
MbtiTypeMe,
Nicegirls,
Connecticut,
latvia,
badroommates,
TalkTherapy,X
SocialSecurity,X
OneSecondBeforeDisast,
whatisthisthing,
cartoons,
yuzu,
paranoidschizophrenia,X
DescentintoAvernus,
quityourbullshit,
cottagegoth,
roblox,
processing,
scrumptiousmemes,
SoundsLikeBoC,
Quadeca,
SunHaven,
lawofattraction,
redditonwiki,
cactus,
NEET,
tall,
ayylmao,
BlackHair,
UnethicalLifeProTips,
davinciresolve,
BRICS,
service_dogs,
GTA6_NEW,
GameTheorists,
interviews,
latteart,
evangelionmemes,
antitheistcheesecake,
Scotch,
ChronoCross,
MineIslam,X
montypython,
animalcrossingdesign,
Random_Acts_Of_Pizza,
eupersonalfinance,
shittykickstarters,
MEOW_IRL,
work,
greatdanes,
oculus,
addiction,
gatewaytapes,
pchelp,
HuntShowdown,
thetagang,
itsaratsnake,
bonecollecting,
ARAM,
csgo,
GIMP,
mildlysatisfying,
weirdopinions,
a:t5_4ao4cx,
optometry,
improv,
HobbyDrama,
DecidingToBeBetter,
simsfreeplay,
vaporents,
NeebsGaming,
sleep,
drivingUK,
Threesome,
HaircareScience,
Persecutionfetish,
Arkansas,
selfie,
u_Alastor-Thorne,
microbiology,
Portraitart,
gamegrumps,
MRU,
reactiongifs,
NewBern,
WTF,
FirstTimeHomeBuyer,
fatlogic,
Neverwinter,
medicalschool,
language_exchange,
wakfu,
MunchSnarkUncensored,
TherapistPicksUrBrain,
asklatinamerica,
Utica,
AskRedditAfterDark,
talentShow,
worldnewsvideo,
MarissaLaceRevealed,
SuicideWatch,X
killedthecameraman,
VinlandSaga,
traumatizeThemBack,
InformedTankie,
respiratorytherapy,
punkfashion,
askscience,
AEWOfficial,
StepN,
TransGoneWild,
SampleSize,
FurryPornSubreddit,
vandwellers,
firestick,
OlderGenZ,
Shrekmemes,
FRJ,
germanshepherds,
TheDayBefore,
GOONED,
holdmyfeedingtube,
premed,
wobbledogs,
RationalPsychonaut,
CryWolf,
Remodel,
greebles,
Netherlands,X
texts,
celestegame,
a:t5_9wu1c,
BrandNewSentence,
fuckeatingdisorders,X
distractible,
NonCredibleDefense,
CrackWatch,
boomerhentai,
Schaffrillas,
cars,
celebrities,
telekinesis,
ReligionOrDrugs,
4hourbodyslowcarb,
synthesizercirclejerk,
mildlypenis,
DungeonsAndDragons,
AmIOverreacting,
armenia,X
Baking,
PokemonSwordAndShield,
gothsluts,
AutisticMusicians,X
MovingToNorthKorea,
jailbreak,
astrophotography,
ennnnnnnnnnnnbbbbbby,
chaoticgood,
ImaginaryWesteros,
genderqueer,
Mushrooms,
dad,
NCSU,
Pandabuy,
discworld,
52book,
TrueChronicIllness,
u_macsimilian,
DestinyTheGame,
Cushings,
NSCollectors,
malegrooming,
vangogh,
Dreadlocks,
explainitpeter,
YouniquePresenterMS,
skamtebord,
punk,
starbucks,
vermont,
Sat,
Teratophiliacs,
GachaClub,
bulletjournal,
devo,
AdultSelfHarm,X
NorthCarolina4Sanders,
enlightenment,
tripreports,
Cursed_Images,
deadsy,
bibleillustrated,
talesfromcallcenters,
GamePassGameClub,
britishshorthair,
AfterEffects,
wallstreetbetsOGs,
askyoungpeople,
bettafish,
countablepixels,
decentraland,
KindWords,
FondantHate,
confession,
KeepWriting,
KhaZixMains,
SpaceVideos,
LowStakesConspiracies,
Totaldrama,
Oldsmobile,
television,
findfashion,
Psychedelics,
DemonolatryPractices,
nutrition,
medical,X
UnusAnnus_Remembrance,
LineageOS,
Yiffbondage,
perth,
CongratsLikeImFive,
ParentsAreFuckingDumb,
okbuddyguardian,
mandalas,
magick,
Tianeptine,
RealLifeShinies,
internationalpolitics,
joannalopez,
alcoholism,
okbuddyhasan,
QuickFix,
UofT,
uktrucking,
leslieclarksnark,
algorithms,
beetlejuicing,
steelseries,
ImaginaryVerse,
crappymusic,
MakeMeSufferMore,
ConservativeMemes,
Target,
godot,
newretrowave,
funnysigns,
resumes,
SublimeText,
AskPsychiatry,X
JusticeServed,
penpals,
FluentInFinance,
centrist,
freebies,
restaurant,
nintendo,
MMFB,
Religio_Romana,X
Switzerland,X
StrangerThings,
statistics,
olympics,
stephenking,
MeidasTouch,
pantheism,
arkham,
insaneparents,
bassnectar,
winterporn,
roommatesfromhell,
socialanxiety,X
u_Th3MadCreator,
FaceRatings,
CompulsiveSkinPicking,X
Vaporwave,
NSFL__,
distressingmemes,
IWantToLearn,
ArtefactPorn,
PcBuildHelp,
Prolactinoma,
Yugioh101,
howdidtheycodeit,
creativecreature,
occult,
women,
Filmmakers,
logophilia,
Naruto,
boringdystopia,
RimWorld,
holdmycatnip,
protogen,
millenials,
askminecraft,
a:t5_3hrz8,
CodingandBilling,
BreakUp,
Watchmen,
GalaxyS23Ultra,
Miitopia,
FractalGifs,
ancientrome,
preppers,
u_reddit_irl,
neuro,X
korea,X
Monitors,
UnsentLetters,
DerryLondonderry,
ndp,
Loungefly,
Rainbow6,
LaVeyan_Satanism,
photography,
leafs,
ImaginaryHorrors,
pokemontrades,
AskConservatives,
IHateMyself,
realbikinis,
Peptides,
royalmail,
AstralArmy,
google,
misleadingthumbnails,
PublicFreakout,
NewsOfTheStupid,
PhilosophyMemes,
impressionism,
Stonetossingjuice,
birdfeeding,
u_ILoveToWriteFictionZ,
Colombia,X
EuropeanSocialists,
Futurology,
fo76,
malefashion,
bathandbodyworks,
UpvoteBecauseButt,
eatityoufuckingcoward,
plushies,
lookatmydog,
characterdrawing,
menkampf,
Unity2D,
1200isplenty,
progmetal,
manchester,
ModernWarfareGame,
dreamsmp,
puppy101,
jailbreak_,
orangecats,
Tarots,
curlyhair,
XenoGears,
Scotiabank,
animation,
krakow,X
PetMice,
Metroid,
NYTStrands,
u_CoKu,
S22Ultra,
Technoblade,
spaceporn,
Dragonballsuper,
musictheory,
forums,
DecideThisForMe,
apexlegends,
washingtondc,
aromantic,
iPadTweaks,
dogswearinghats,
HTFsleepover,
amiibo,
accidentalart,
Unity3D,
Stormlight_Archive,
TwoHotTakes,
Viola,
Pareidolia,
Lenovo,
Malaphors,
survivinginfidelity,
Fallout,
morbidquestions,
emotionalabuse,
EliteEden,
GenP,
TrueFilm,
spongebob,
Osana,
fromsoftware,
howto,
spelunky,
ChromaProfiles,
longisland,
Davie504,
CatsInBusinessAttire,
bulimia,X
AccidentalComedy,
burdurland,X
shittymobilegameads,
USdefaultism,
ThriftStoreHauls,
GachaClubAndroid,
Periods,
deathnote,
ElectricSkateboarding,
StopGaming,
CelebrityNumberSix,
COMPLETEANARCHY,
selectivemutism,X
Helldivers,
Crypto_com,
Cholesterol,
Mommit,
Vent,
SharedBPM,
amazon,
gameofthrones,
EarthMC,
hauntedattractions,
streaming,
demons,
neopronouns,
ImaginaryMountains,
therapists,X
detrans,
Adelaide,
books,
antiMLM,
ItTakesTwo,
Aphantasia,
DigitalPlanner,
fivenightsatfreddys,
u_Nerdiant,
auntienetwork,
corejerk,
BlenderArt,
MultiVersusTheGame,
foodhacks,
viktormains,
pokemongo,
lostgeneration,
PandR,
doordashgremlin,
shortscarystories,
DotA2,
madlads,
Wigs,
TrollXChromosomes,
sometal,
nameaserver,
sugarlifestyleforum,
EatingDisorders,X
MouseReview,
AndroidGaming,
PrivacyGuides,
SubstituteTeachers,
u_radicalplacement,
AntiTaff,
MovieDetails,
IdeologyPolls,
NameThatSong,
crows,
DesignDesign,
WhatsWrongWithYourDog,
hauntedchocolatier,
Parkour,
40kmemes,
oddlyterrifying,
TheBatmanFilm,
whatsongisthis,
AdviceForTeens,
MrRobot,
WhatShouldIDoWithIt,
elfgame,
DrPepper,
KoboldsFuckingKobolds,
Ornithology,
yakuzagames,
blackmagic,
steroids,
notebooks,
amazonemployees,
CatDistributionSystem,
BedStuy,
NFTsMarketplace,
RPDR_UK,
PalayeRoyale,
ChoosingBeggars,
INTJmemes,
reddeadredemption,
CalicoKittys,
Adulting,
holofractal,
olivertree,
Breath_of_the_Wild,
catpictures,
electronicmusic,
ask_detransition,
a:t5_11u3c3,
TheBrewery,
CoDCompetitive,
dogswitheyebrows,
BorderCollie,
DarkArts,
WikiLeaks,
My600lbLife,
supercars,
usyd,
barelysociable,
OUTFITS,
Buckethead,
MedCannabisUK,X
AcademicPsychology,X
Artisticallyill,
CrossStitch,
KGBTR,
NatureIsFuckingLit,
ImaginaryKnights,
NoahGetTheDeathStar,
DaytonaBeach,
BirdHealth,
Dachshund,
Losercity,
paganism,
amiwrong,
conan,
TheNightFeeling,
fasting,
ImaginAsian,X
homeless,
fallout76settlements,
ImaginaryForests,
Lizards,
desmoines,
karthusmains,
yester,
Butterflies,
ideasfortheadmins,
Wawa,
CringePurgatory,
braceletcraft,
friendlyjordies,
DodoCodeCommunity,
phcareers,X
clusterheads,
Asksweddit,
transvoice,
helpmecope,
cybersecurity_help,
cozy,
peopleplayground,
orthotropics,
Natalism,
IMadeThis,
nozokuma,
learnprogramming,
plushdestruction,
Massdrop,
aphextwin,
isthisnormal,
notliketheothergirls,
breakingmom,
Rollerskating,
RiseToWar,
glitch_art,
cheatingwives,
wifi,
thetron,
pagan,
loona_nsfw,
VenomousKeepers,
homedecoratingCJ,
memes,
streetphotography,
onewheel,
KitchenConfidential,
farscape,
neurodiversity,X
redditgetsdrawnbadly,
xqcow,
oslo,X
battlemaps,
UkraineRussiaReport,X
pilonidalcyst,
UkraineInvasionVideos,X
promocodes,
RugsOnly,
swedishproblems,X
hognosesnakes,
Gangstalking,
ItsAllAboutGames,
TheBear,
FloridaCoronavirus,
liberalgunowners,
currentlyreading,
itsfeasable,
nonutnovember,
BPDlovedones,X
AbandonedWebsites,
scabies,
John_Frusciante,
Gundam,
fluffycommunity,
Animesuggest,
polytheism,
antinatalism2,
hamster,
HappyTrees,
Comebacks,
digitalcircusfandom,
DCcomics,
hoi4,
weatherfactory,
MiddleClassFinance,
mealtimevideos,
Amberverse__,
anime_titties,
MapChart,
joker,
OkayBuddyLiterallyMe,
GamePhysics,
a:t5_4q25rb,
aitoolsupdate,
Kengan_Ashura,
typography,
WeCanNameEverything4U,
scaryshortstories,
antiwar,
turkish,X
LinkinPark,
EtherMining,
Wolfenstein,
SinophobiaWatch,
schizophreniaspectrum,X
babyanimals,
unitedairlines,
phonewallpapers,
ImaginaryFuturism,
EstrangedAdultChild,
Dentistry,
ArmorPlatedPorn,
Bard,
INTP_female,
ballpython,
InternetMysteries,
Nitrotype,
EmKay,
StupidFood,
Lifeguards,
movieideas,
PencilStabbers,
SimulationTheory,
OverwatchLFT,
Paranormal,
TeensMeetTeens,
OldSchoolCool,
sticknpokes,
onepagerpgs,
PersonalFinanceCanada,
squidgame,
Redhair,
pcmasterrace,
Clamworks,
Angryupvote,
Gunpla,
OnlyFans101Inked,
vmware,
lofi,
Splatterhouse,
legs,
sips,
DebateLikeAEnglishman,
CrazyFuckingVideos,
CatsStandingUp,
ChronicPain,
poland,X
SingularityDAO,
WHACKDMcAfee,
BenignExistence,
ducksquad,
PrepperIntel,
Paladins,
ireland,
emotionalneglect,
CloneHero,
AskBiology,
NorthCarolina,
ededdneddy,
RedHotChiliPeppers,
consciousness,
schnauzers,
BDSMAdvice,
the_everything_bubble,
HIGHdrohomies,
truscum,
ArtTimelapse,
FridayNightFunkin,
AdvancedFitness,
slowcooking,
AskEconomics,
Defiance,
OLED_Gaming,
HearingVoicesNetwork,X
AcousticGuitar,
u_Amateurforyou,
DumpsterDiving,
SimsGlitches,
pornfree,
Influencersinthewild,
VapingCanada,
FunnyandSad,
cincinnati,
ifiwonthelottery,
thisisus,
cute,
overlyspecificEDmemes,X
Netflixwatch,
MelanieMartinez,
Boise,
BaldursGate3,
MagicTruffle,
GothGirls,
teepublic,
UsernameChecksOut,
humblebundles,
Competitiveoverwatch,
fryup,
Amitriptyline,
gamermamas,
Random_Acts_of_Books,
Parenting,
hangovereffect,
OccupationalTherapy,
Ferrari,
cosmoandwanda,
ScaryTechnology,
ENLIGHTENEDCENTRISM,
squishmallow,
boardsofcanada,
RealEstateCanada,
twinks,
NurseJackie,
audible,
Christianity,
summercamp,
depression_help,X
creativewriting,
Cosmograms,
Animals,
canada,
badads,
DaniMarina,
transtimelines,
XMG_gg,
noodlypanda,
waitthatsillegal,
SETI,
deathgrips,
Sephora,
Breadit,
WorkersStrikeBack,
acturnips,
TopMindsOfReddit,
Britain,
specializedtools,
NewSkaters,
fixedbytheduet,
ScienceHumour,
Yogscast,
Altars,
GachaClubCringe,
suspiciouslyspecific,
TraditionalCatholics,
BlueskySocial,
UrbanOutfitters,
birdstakingthetrain,
OnePunchMan,
PowerWashSimulator,
WeightLossAdvice,
policeuk,
zelda,
StraightGirlsPlaying,
Manhunt,
oddlysatisfying,
CryptoMoonShots,
SexiestPetites,
failedpredictions,
Cornwall,
OCPoetry,
AskAnAustralian,
sneakerreps,
highschool,
DietitianPh,X
stremtch,
CODVanguard,
microdosing,
Bonsai,
DeadBedrooms,
collegecompare,
tearsofthekingdom,
hisdarkmaterials,
PinkOmega,
SchizophreniaArtProj,X
Newfoundlander,
xbox,
SoulCalibur,
ApartmentHacks,
BreedingMaterial,
MoonlightStreaming,
ratemysinging,
MSI,
OnceUponATime,
Roku,
WGU,
stinkbugtime,
Albuquerque,
MuayThai,
potato,
AbandonedPorn,
repost,
TransFeminineFashion,
billycobb,
greenday,
BeautyGuruChatter,
littlespace,
EngagementRings,
rat,
Alternativerock,
PuppySmiles,
Feminism,
TeenAmICute,
cannabiscentral,
AskGames,
AskWomen,
homebrew,
metalgearrising,
BikiniBottomTwitter,
Stadia,
Lacey,
offbeat,
writingcirclejerk,
Symbology,
groomingvictim,
murdochmysteries,
c4hunted,
Wheels,
LoveNikki,
StartledCats,
PokemonGoFriends,
tiktokgossip,
LofiGirl,
DuggarsSnark,
BehaviorAnalysis,
a:t5_5pjn0a,
prisonarchitect,
Aquariums,
awfuleyebrows,
ShittyRestrictionFood,
traumacore,
ColombiaReddit,X
torties,
morticians,
drugmemes,
piebaldcats,
AmazonFlexDrivers,
CrazyIdeas,
Cyberpunk,
Danish,X
AteTheOnion,
KeepNetwork,
IGSRep,
Fanganronpa,
battlefield_4,
progrockmusic,
Skullgirls,
vegetarianketo,
civ5,
FoggyPics,
CommunismMemes,
notreallyfamous,
Piracy,
RelationshipMemes,
bioniclelego,
imsorryjon,
WeirdLookingDogs,
TheWhiteHouse,
TheGamerLounge,
wicked_edge,
bestofnetflix,
OpenAI,
Monstera,
LibertariansBelieveIn,
narcissism,
dndnext,
learn_arabic,X
Detroit,
DebateCommunism,
dank_meme,
electronicmagic,
JustinY,
patientgamers,
singularity,
Area51memes,
computerscience,
lossedits,
shittyadvice,
MakeNewFriendsHere,
Big4,
GenX,
MakeupAddiction,
Sims3,
ketorecipes,
IllegallySmolCats,
happy,
guitars,
HubermanLab,
boottoobig,
NYStateOfMind,
astrology,
Aarhus,X
ChatGPTPro,
flightradar24,
LittlestPetShop,
DIDart,X
bald,
WhyEvenWearAnything,
Shitty_Watercolour,
bindingofisaac,
MTB,
Luxury,
Drugs,
drawme,
whenthe,
OrphanCrushingMachine,
WholesomeTeenBoys,
ChronicIllness,
garlicoin,
ImaginaryWastelands,
ArtOfRolling,
Alexithymia,X
a:t5_2xyz1,
financialindependence,
GoodPizzaGreatPizza,
football,
kingdomcome,
Marbles,
ShingekiNoKyojin,
KimmySchmidt,
Adoption,
offmychest,
Dualsport,
lgbtmemes,
ThatsInsane,
dating,
facedesk,
boardgames,
weirdcore,
britishcolumbia,
UFOs,
Wicca,
pkmntcg,
CollegeAmateurs,
WritingPrompts,
DubFX,
Tulpa,
Scotland,
RoleplayPartnerSearch,
Edmonton,
Volbeat,
Downwell,
freefromwork,
Sneakers,
BearableApp,
OceanGateTitan,
selfharm,X
electricdaisycarnival,
Rottweiler,
wholesomememes,
holdmyredbull,
PasDeQuestionIdiote,X
TheMixedNuts,
olyleftists,
LowDoseNaltrexone,
BetaReaders,
cursed_videomemes,
premiere,
carnivore,
volunteersForUkraine,
truetf2,
MoneroMining,
DeathStranding,
weaving,
ParanormalEncounters,
MotoE,
goldenretrievers,
Sandwiches,
videos,
brooklynninenine,
ledgerwallet,
craigslist,
nonononoyes,
u_happyrozoo,
hungarian,X
dkfinance,X
schizophreniawrites,X
FallenOrder,
DiscordAdvertising,
RuinedChildhood,
MinecraftBuddies,
Sino,X
Psychonaut,
entertainment,
HolUp,
NarutoFanfiction,
rant,
GTA,
askmath,
JUSTNOMIL,
Puppyblues,
Wings,
Japaneselanguage,X
perfectlycutscreams,
holdmyfries,
speedreading,
clozapine,
religiousfruitcake,
C_S_T,
Tangem,
Spiritfarer,
nsfw,
AccidentalWesAnderson,
YuYuHakusho,
trance,
Libertarian,
5nafcirclejerk,
PetTheDamnCat,
iching,
ElderScrolls,
RedCombatSports,
hotsauce,
bodymods,
retrogaming,
KnightsOfPineapple,
Songwriting,
ThatLookedExpensive,
StreetFighter,
oldbritishtelly,
DAE,
GunPorn,
DoctorWhumour,
IBO,
Tempe,
TopSurgery,
ProgressionFantasy,
Toads,
spicypillows,
PokeLeaks,
empyriongame,
PokemonGoMystic,
suddenlybi,
TheQuarteringIsANazi,
tinnitus,
popheads,
httyd,
reptiles,
sbubby,
antiwork,
DnD,
oldhagfashion,
diablo4,
Chromecast,
podcasts,
dontdeadopeninside,
ExplainAFilmPlotBadly,
wholesomereddit,
CatastrophicFailure,
self,
ContagiousLaughter,
JusticePorn,
malaysia,X
u_Khrone_33,
uglyduckling,
ghibli,
PokemonGoRaids,
quittingkratom,
CineSeries,
PolandballArena,
CallHerDaddy,
CurseForge,
196,
arbeitsleben,X
prozac,
MurderBuns,
Pets,
Deathcore,
Sculpture,
keepaneyeonthatguy,
Tomasino,X
pools,
PartyParrot,
confusing_perspective,
CensoredFetish,
Starlink,
Nightmares,
a:t5_38ch3,
skeptic,
askTO,
ImaginaryDinosaurs,
spiritualty_hub,
charlestonwv,
neoliberal,
shittyfoodporn,
unclebens,
ImaginaryMarvel,
coloringcorruptions,
Dogfree,
CGPGrey2,
mrballen,
herbalpharmacy,
Planetside,
medicine,
kaspa,
u_indigopaws,
southpark,
movingtojapan,
LongDistance,
FoundYWordUser,
Movieswhilehigh,
amiugly,
TechWear,
u_twistedtea,
Latuda,
MLAgents,
dyinglight,
airfryer,
oblivion,
Hulu,
truezelda,
TikTokCringe,
InterdimensionalCable,
ChaiApp,
GlowUpTvSeries,
icecream,
minecraftseeds,
idiocracy,
vegas,
omad,
Fibromyalgia,
boxingcirclejerk,
cat,
MechanicalKeyboards,
ACTrade,
DelusionsOfAdequacy,
AbsoluteUnits,
ImaginaryTrees,
SamONellaAcademy,
HazbinHotelOCArt,
MakeupRehab,
comic_crits,
empireofthesun,
ObsidianMD,
obscuremusic,
nonduality,
StardustCrusaders,
darknet,
DarwinAwards,
unixporn,
DKstudie,X
FollowersofAphrodite,
whatbugisthis,
abovethenormnews,
GamesWithHorses,
dateyourself,
scarystories,
loblawsisoutofcontrol,
QuadCities,
Michigan,
cakedecorating,
arknights,
communism,
Lilsimsie,
SacredGeometry,
borderlands3,
povertyfinancecanada,
xxketo,
ask,
Autumn,
LSD,
mythology,
FFXIVGlamours,
ShitPostCrusaders,
chat,
LuLaNo,
LearningRussian,X
WorkOnline,
therapy,
findapath,
byu,
a:t5_2tppdl,
SelfHarmScars,X
SpaceflightSimulator,
EFT_LFG,
MagicArena,
rickandmorty,
2american4you,
animememes,
OverwatchCustomGames,
CasualConversation,
atheism,
YoutubeMusic,
redbull,
BigMouth,
Marvel,
VintageApple,
DreamInterpretation,
uofm,
AujourdhuiJaiAppris,X
ImaginaryMerfolk,
upstate_new_york,
lifeguardkitties,
guessmyage,
Ingress,
BonsaiPorn,
dogelore,
vore_irl,
Zoomies,
technews,
furry,
ResinCasting,
JasmyToken,
thoughtbroadcasting,
whatisthisbone,
CorporateFacepalm,
RDR2,
INTPmemes,
maker,
RandomActsOfGaming,
hillaryclinton,
whitesox,
imaginedragons,
Beekeeping,
SomeOrdinaryGmrs,
BestofRedditorUpdates,
holdthemoan,
whatisthisbug,
Accursedtreefriends,
shittybattlestations,
minecraftxbox,
RedditDayOf,
Epilepsy,
adventuretime,
thesims4,
OnionLovers,
javascript,
grime,
AustralianShepherd,
ProlificAc,
sendinthetanks,
Entrepreneur,
wemetonline,
misanthropy,
playitforward,
Orbital,
BitcoinUK,
Crystals,
borrow,
Savethisvideo,
AnimeMeme,
introverts,
LiquidSky,
CryptoCurrency,
SixtySecondsInAfrica,
WGUIT,
apatheism,
drawsomething,
ProjectDiva,
sex,
familyguy,
kindle,
Webkinz,
WiggleButts,
AskAstrologers,
BPD,X
GeometryIsNeat,
McDonalds,
secretofmana,
OCD,X
CrestedGecko,
TurkeyJerky,X
BadDesigns,
NootropicsDepot,
scambait,
canadian,
VsauceMusic,
skin,
AnimalCollective,
brandnew,
benshapiro,
ADHDmemes,X
AnimalsBeingBros,
MentalHealthBabies,X
scrivener,
BokunoheroFanfiction,
Reincarnation,
lies,
quizlet,
Crushon,
skylanders,
Dietandhealth,
wildrift,
QuietOnSetDocumentary,
marvelstudios,
PSSD,
movingout,
hellper,
teslamotors,
SGExams,
googlehome,
ColorBlind,
tarot,
telecaster,
HipHopImages,
Random_Acts_Of_Amazon,
Quebec,X
gangplankmains,
onionhate,
minipainting,
vintageads,
android_beta,
orbusvr,
Xennials,
RecRoom,
ShitpostXIV,
MDMA,
bodyweightfitness,
redditmoment,
birb,
CharacterRant,
RPGMaker,
ChildrenFallingOver,
FunnyAnimals,
Techno,
Youniqueamua,
cursedcomments,
minecraftsuggestions,
teslore,
EosinophilicE,
What,
UkraineWarVideoReport,X
StackAdvice,
stupidquestions,
EarthPorn,
whatsthisbird,
French,X
Fraservalley,
TheClickOwO,
Overwatch,
FuckYouKaren,
computerhelp,
StephanieBaudelaire,
Anarchism,
Design,
shittyaskscience,
SimpleLoans,
yahoo,
TinyCanvas,
Holdmywallet,
RatchetAndClank,
mathmemes,
thalassophobia,
beebutts,
PTSDHumor,X
bakingrecipes,
AskMenOver30,
Theatre,
RedditSets,
Ulta,
Hades,
DinosaurDrawings,
CrucibleGuidebook,
proghouse,
DigitalPainting,
vtm,
DankLeft,
shehulk,
nin,
u_JuicyBoiFrontin2,
evilbuildings,
HearingAids,
JCSCriminalPsychology,
PS5,
Mindfulness,
Miitomo,
FragileWhiteRedditor,
distantsocializing,
medievaldoctor,
Vivarium,
oregon,
traaNSFW,
learndutch,X
BattlefieldV,
cavestory,
TAZCirclejerk,
HydroHomies,
educationalgifs,
Renters,
enlistedgame,
doulas,
researchchemicals,
rilakkuma,
Repsneakers,
lonely,
masseffect,
CannabisExtracts,
thatHappened,
fight_disinformation,
RebornDollCringe,
ContraPoints,
aliceinwonderland,
scene,
Soda,
PoliticalCompass,
LoveForLandlords,
AnimalCrossingNewHor,
Trombone,
TheFrontBottoms,
Baystreetbets,
hockey,
smarthome,
handbags,
6thForm,
amazingfitness,
idealgf,
classicwowtbc,
MobileLegendsGame,
cfs,
DissociativeIDisorder,X
coversongs,
armenian,X
gonewild30plus,
DiagnosedDisorders,X
shittyaskreddit,
threebodyproblem,
stories,
JustLearnedTheFWord,
FreeKarma4You,
TheMonkeysPaw,
thenetherlands,X
rantgrumps,
SeattleNHL,
law,
habitica,
AskGayMen,
QuarterLand,
MLS,
rescuedogs,
PMDD,X
Fallout4ModsXB1,
jmu,
pirates,
backpain,
KeanuBeingAwesome,
ImaginaryAngels,
Dermatillomania,
HairDye,
TIdaL,
ExploringThroughArt,
rpg,
Funnymemes,
DreamilyAI,
winemaking,
ConspiracyII,
ScammerPayback,
insects,
DreamlightValley,
acecombat,
sanfrancisco,
Hungergames,
alcoholicsanonymous,
preguntaleareddit,X
complimentbattles,
privacy,
weddingdress,
TheSilphRoad,
Scary,
tattoos,
MuvLuv,
a:t5_hsqu5,
pianoteq,
finalfantasyx,
dating_advice,
soccer,
DimensionalJumping,
HorrorGames,
radicalmentalhealth,
KenM,
MadeOfStyrofoam,
Vesteria,
DarkSun,
geek,
newhampshire,
sticker,
MandJTV,
ChooChoo21,
CPTSDFreeze,X
MonsterHunter,
ImaginaryFutureWar,
tonsilstones,
woahdude,
Crocodiles,
exjw,
Palestine,X
SubredditDrama,
Rants,
printers,
modelmakers,
agnostic,
PoliticalDiscussion,
INTPmusic,
nextfuckinglevel,
collapze,
ADHD,X
AtlantaHawks,
witchcraft,
StretchedCirclejerk,
raspberry_pi,
Psychic,
ScottishPeopleTwitter,
hikikomori,
Cartalk,
StoriesAboutKevin,
NSFW411,
MurderedByAOC,
lowIQpeople,
FLMedicalTrees,
AnthemTheGame,
gifsthatendtoosoon,
pinkfloyd,
brandonsanderson,
Shrek,
rpdrcringe,
HunterXHunter,
TurkishCats,
MotionDesign,
GoldandBlack,
doordash,
meme,
arcane,
Creation,
sharks,
FidgetSpinners,
RimWorldPorn,
Doom,
UKJobs,
Kikpals,
junomission,
AmazonWTF,
fredericton,
loseit,
Effexor,
691,
pan_media,
IDmydog,
Punk_Rock,
conseiljuridique,X
architecture,
GregDoucette,
electronic_cigarette,
mountaindew,
CFB,
FullmetalAlchemist,
design_critiques,
buhaydigital,
Blacksmith,
castlevania,
blackmirror,
XXXTENTACION,
redesigninggacha,
CircleofTrust,
TheRatEmpire,
ReligiousTrauma,
Superstonk,
GamingLaptops,
jawsurgery,
braswap,
cookingforbeginners,
HaloWars,
90s,
mbtimemes,
doodles,
Unexpectedhermitcraft,
NobodyAsked,
litrpg,
lostmedia,
Ebay,
philosophy,
duolingo,
Bushwick,X
AskCulinary,
mcresourcepack,
me_irlgbt,
ShouldIbuythisgame,
exmotrees,
BocchiTheRock,
MemeHunter,
ShadowoftheColossus,
writingadvice,
beer,
whatstheword,
ambientmusic,
CoinBase,
IndieComicBooks,
tifu,
calculus,
OLMS,
rusAskReddit,
shittyideas,
DrewDurnil,
USNewsHub,
Nexus7,
ActiveMeasures,
bookshelf,
NarcissisticSpouses,
Biohackers,
BitLifeApp,
Colorization,
Presidents,
INEEEEDIT,
vexillology,
MushroomGrowers,
ufo,
2007scape,
halloween,
edmproduction,
piscesastrology,
BullTerrier,
bustyasians,
GetStudying,
Hololive,
stonerfood,
GymMemes,
shittyrainbow6,
AntiVegan,
introvert,
Paleontology,
PUBG,
BadHasbara,
whitepeoplegifs,
socialism,
AccidentalRacism,
landscaping,
drugsarebeautiful,
Fureeuse,
n64,
Limmy,
dxm,
thewalkingdead,
OmegaWatches,
NeckbeardNests,
FloridaMan,
thebachelor,
COCSA,
WinStupidPrizes,
bengals,
BooksThatFeelLikeThis,
timetolegalize,
jacksepticeye,
FundieSnarkUncensored,
Asexual,
idiotbait,
cornsnakes,
facepalm,
Splendida,
PetPeeves,
SuperMarioRun,
ImaginaryMonsterGirls,
goth,
rivalstars,
TrueReddit,
Conservative,
Roleplay,
subreddit,
AskDrugNerds,
boobs,
cantsleep,
Shorty_Life,
OrthodoxMemes,
nightvale,
relationships,
EliteDangerous,
boywithuke,
S23,
camosun,
xposed,
learnart,
antimeme,
u_Successful_Network76,
diablo3,
RollinRascal,
RoastMe,
shadowpeople,
Prematurecelebration,
CODWarzone,
opticalillusions,
getdisciplined,
NetflixSexEducation,
FalloutMemes,
toys,
Rabbits,
NZXT,
wikiHowQA,
ScatPlayR4R,
deepweb,
AskFeministWomen,
headphones,
CommercialsIHate,
Guildwars2,
visualkei,
Borderlands,
gamingnews,
XiaoMains,
wisconsin,
amipregnant,
Justfuckmyshitup,
generative,
modernwarfare,
Frenemies,
mixedrace,
ROBLOXBans,
malefashionadvice,
ISO8601,
niceguys,
FlatEarthMemes,
Itcontainsabucket,
MandelaEffect,
Tourettes,X
Kenya,X
VRGaming,
Slutsofonlyfans,
Poopfromabutt,
stevenuniverse,
hentaicaptions,
help,
swordartonline,
traditionaltattoos,
Truckers,
qatar,X
farming,
tacobell,
daschund,
Philippines,X
CineShots,
punchablefaces,
ouya,
SpoiledDragRace,
DivinityOriginalSin,
faeries,
chromeos,
asimov,
EscapefromTarkov,
IAmTheMainCharacter,
gifs,
frugalmalefashion,
claustrophobia,
DairyQueen,
Stims,
MyPeopleNeedMe,
Maya,
PixelWatch,
widowers,
skateboarding,
peopleofwalmart,
macsetups,
offthegame,
octopus,
adobeanimate,
TwinCities,
Nails,
euphoria,
mixednuts,
EDRecoveryUnhinged,X
friendsafari,
HonkaiStarRail,
undelete,
CrackheadCraigslist,
Judaism,
plural_irl,
SkincareAddiction,
acne,
stimulus,
adultswim,
TheRealJoke,
Retro,
PokeCodes,
ReoMaori,X
shittyMBTI,
comicbookmovies,
weirdvideosfor3am,
Menopause,
WeWantPlates,
GodPussy,
GlobalOffensive,
literature,
Topster,
leopardgeckos,
blursedimages,
Odablock,
hebrew,X
Kawaii,
sports,
RedPillWomen,
artcommissions,
Volumeeating,
Bisexy,
rarepuppers,
Lovecraft,
owenbenjamin,
WouldYouRather,
entp,
vegaslocals,
JordanPeterson,
zerocarb,
AnimeMILFS,
BTW,
visualsnow,
masskillers,
starterpacks,
eatsandwiches,
virgin,
MakeMeSuffer,
Idubbbz,
PhantomForces,
UpliftingNews,
Dodocodes,
TucaAndBertie,
Calgary,
CamosunCollege,
confidence,
benzorecovery,
Parasitology,
Pitt,
PokemonGOValor,
Drawfee,
StateOfDecay,
ARTIST,
insomnia,
whatisthisanimal,
democrats,
nunumains,
PizzaCrimes,
Homesteading,
depressionmeals,X
Blue,
Carowinds,
MemeVideos,
Queens,
heterochromia,
psychnursing,
Polytopia,
ketochow,
amazonecho,
gameideas,
IWantOut,
robots,
ageregression,
u_jimmyjohns,
socialjustice101,
druidism,
X,
BlackPeopleTwitter,
ibs,
GeminiAI,
Showerthoughts,
WattPadSpotlight,
phlgbt,X
rebelinc,
FtMpassing,
NHLStreams,
vegan,
playboicarti,
ARFID,
PanganaySupportGroup,X
indianajones,
OriginalCharacter,
Pixar,
cptsdcreatives,X
GoneWildAudioContent,
Berserk,
Stuffers,
SexyTummies,
accidentallycommunist,
downbad,
Mirtazapine_Remeron,
mildlyinfuriating,
asda,
immigration,
BirdsArentReal,
Cameras,
a:t5_2u3n2,
psychologymemes,X
AskALiberal,
sims4cc,
legaladvice,
HPOmen,
PanPorn,
interiordecorating,
TrueChristian,
conlangs,X
whatsthisbug,
Hyperhidrosis,
hermanmiller,
casualiama,
PsychesDK,X
longevity,
Hawaii,
Denver,
TheGlowUp,
QuantumImmortality,
NamiMains,
AmericanHorrorStory,
spikes,
alcoholic,
spacex,
evolution,
Battlefield,
dostoevsky,
indiecomics,
3amjokes,
ImaginaryCanyons,
IsraelWar,
Sanderson,
shitposting,
Meditation,
u_ThatSchizoGuy,
Health,X
WelcomeHomeARG,
FansHansenvsPredator,
ImaginaryWarriors,
ImaginaryStarships,
toptalent,
taiwan,X
techsupport,
assassinscreed,
doordash_drivers,
eerie,
BritishSuccess,
askaplumber,
im14andthisisdeep,
eczema,
CompetitiveWoW,
honeyfuckers,
DMXE,
dankvideos,
conspiracy_commons,
trolleyproblem,
StardewMemes,
NonBinary,
ITookAPicturePH,X
psilocybin,
TheDeprogram,
TheSinkingCity,
Pottery,
DMAcademy,
scalieporn,
marijuanaenthusiasts,
USC,
countryballs_comics,
PoliticalHumor,
FoodTheorists,
UrbanHell,
BeavisAndButthead,
PassionsToProfits,
inthenews,
popularopinion,
PCOS,
offlineTV,
BartardStories,
RepWatch,
TrueOffMyChest,
HorseValley2,
SimpsonsFaces,
ifyoulikeblank,
shittyprogramming,
urbanexploration,
whatsthatbook,
PSNFriends,
TransferChanceMe,
ModSupport,
politicsdebate,
h3h3productions,
redditbooks,
timetravel,
rapbattles,
horror,
shittysuperpowers,
JonTron,
opendirectories,
BatmanArkham,
AskPH,X
UnexpectedLetterkenny,
TipOfMyFork,
ainbow,
CumHentai,
GraalOnline,
questionsante,
buildapc,
trypophobia,
GingerbreadHouses,
Bioshock,
Survive,
ScarySigns,
delusionalartists,
taia777,
traderjoes,
DQBuilders,
Aliexpress,
SiegeAcademy,
pykemains,
itswooooshwith4os,
ACNHwishlistrequest,
Fjallraven,
DesignPorn,
ottawa,
Vaping,
AnalGape,
Stoicism,
Economics,
Mohawks,
mbti,
howudoin,
NoNut19,
KatanaZero,
MyHeroAcademiaRPG,
Twitter,
Turkaaaaaaaaaaaaaaaa,X
HaveWeMet,
NewToEMS,
ImaginaryNinjas,
Logic_301,
chromanauts,
neopets,
fakealbumcovers,
u_neurokinesis,
Mizkif,
HBOMAX,
PrayerRequests,
AustralianCattleDog,
ToiletPaperUSA,
see,
redditrequest,
ApplyingToCollege,
spirituality,
deepfriedsurrealmemes,
AVoid5,
StockMarket,
TrueAnon,
Old_Recipes,
ForgottenTV,
OkCupid,
biid,
orlando,
CrossView,
copypasta_es,X
seduction,
Advice,
spicy,
Handwriting,
Ayato_Mains,
Parosmia,
197,
Coffee,
Ghosts,
AnorexiaNervosa,X
Tulpas,
crappyoffbrands,
AnimalCrossingNewLeaf,
Nova_WoW,
ImaginaryIslands,
xbox360,
ARK,
F1Game,
WayOfTheBern,
slp,
jakertown,
taoism,
Bad_Cop_No_Donut,
GodofWar,
Anticonsumption,
whatplantisthis,
OWLCITY,
camaswashington,
sandiego,
FellowKids,
cordcutters,
vancouverwa,
perfectloops,
ragdollcats,
Catswhoyell,
Enough_Sanders_Spam,
Utah,
ofcoursethatsathing,
XFiles,
UkrainianConflict,X
circlejerk,
usedsextoys,
CallOfDuty,
Infographics,
HoleWreckers,
DhGateReps,
barelylegalteens,
Seaofthieves,
ENGLISH,
fujifilm,
Unexpected,
dankchristianmemes,
Skincare_Addiction,
DebateAnAtheist,
vintagecameras,
desktops,
r4r,
OhNoConsequences,
ProtogenYiff,
ambien,
nbadiscussion,
Dissociation,X
Nirvana,
House,
ImaginaryAliens,
StonerThoughts,
IndianGaming,X
dogssmiling,
surfing,
community,
IndieDev,
TwoXChromosomes,
PERSoNA,
pointlesslygendered,
LoveForUkraine,X
lotrmemes,
Makesmybloodboil,
3dshacks,
bigboobproblems,
midori,
MemeEconomy,
blursed_videos,
japanlife,X
AskTrollX,
DOG,
Decor,
insanepeoplefacebook,
decadeology,
Logo_Critique,
Jigsawpuzzles,
osamason,
SASSWitches,
taxPH,X
SpiritWork_Witchcraft,
InterdimensionalNHI,
filipinofood,X
dankruto,
dccomicscirclejerk,
Illustration,
boas,
ImaginaryAutumnscapes,
TheShins,
Candles,
VALORANT,
ArtisanVideos,
ShitEuropeansSay,
coralisland,
Facade,
denmarkisshit,X
lifehacks,
Steam,
InternetIsBeautiful,
aliens,
outofcontextcomics,
suicidebywords,
CigarettesAfterSex,
WarCollege,
ftlgame,
Birbs,
Physics,
jordan,
CakePorn,
SkyrimMemes,
theworldnews,
povertyfinance,
LICENSEPLATES,
JustUnsubbed,
Korean,X
600euro,
ActualPublicFreakouts,
Neuralink,
rolex,
SexToysCollection,
OopsDidntMeanTo,
psychedelicrock,
levelhead,
Schizoid,X
tipofmytongue,
stocks,
HOA,
extremelyinfuriating,
nowars,
scarsgonewild,
schizoaffective,X
binance,
psychology,X
TiktokCringeTime,
InstacartShoppers,
CanadaHousing2,
leaves,
mensa,
SSDI,X
lfg,
BlackLivesMatter,
moreplatesmoredates,
lasers,
HongKong,X
diabetes_t1,
dollskill,
OffMyChestPH,X
ClarenceCartoon,
FuckImOld,
phonk,
notlikeotherguys,
GoneWildTrans,
TF2fashionadvice,
careerguidance,
GamerPals,
NicheGame,
NBDB,
SoUnfunnyItsFunny,
InterestingVideoClips,
allthemods,
pokemon,
sanrio,
nihilism,
FreeCodeCamp,
cleancarts,
LeagueOfMemes,
Dreams,
a:t5_355id,
ToddintheShadow,
HomeworkHelp,
AsianLadyboners,
HolmesBasicDnD,
bose,
expats,
VioletEvergarden,
singaporehappenings,
unpopularopinion,
aves,
AwakenedTV,
homeowners,
BravoRealHousewives,
pasta,
LPOTL,
Abilify_Aripiprazole,
tales,
AskDocs,
numetal,
JellesMarbleRuns,
freefolk,
a:t5_2tw5n,
america,
hardcoreaww,
MealPrepSunday,
collapse,
FL_Studio,
BattleBrothers,
Idiotswithguns,
somethingimade,
vet,
SingularityNet,
TheCaretaker,
theoffice,
AskSocialScience,
caillouhate,
mildlyamusing,
fitbit,
Weird,
VapePorn,
ImaginaryMiddleEarth,
AskMec,
elderscrollsonline,
progressive,
idksterling,
transgender,
HumanTippyTaps,
tablets,
Psychedelic,
getting_over_it,
tattooadvice,
GoldenAgeComics,
floofsandteefs,
dayz,
Delta_Emulator,
twincitiessocial,
showerquestions,
pathofexile,
Denmark,X
DarceyAndStaceyTLC,
AlienBlue,
ghettoglamourshots,
KINK,
ImaginaryAstronauts,
FlamingoFanClub,
NotTimAndEric,
PrettyGirlsUglyFaces,
u_VarenDerpsAround,
kingsnakes,
StanleyKubrick,
TattooApprentice,
Synchronicities,
BettermentBookClub,
IdiotsInCars,
excusemewhatthefuck,
2sentence2horror,
NoStupidQuestions,
NintendoStitch,
FitToFat,
singapore,
dishwashers,
Symphogear,
israelexposed,X
OCDmemes,X
Bacon,
EUGENIACOONEY,
Stargate,
riskofrain,
ImaginaryArchers,
FMoviesSite,
ZenyattaMains,
DeepIntoYouTube,
geoguessr,
imatotalpeiceofshit,
EndlessWar,
ffxiv,
NonPoliticalTwitter,
wordchewing,
superpapermario,
hiphopheads,
rimworldmodding,
sillybritishnames,
OculusQuest,
EdAnonymousAdults,X
physicsmemes,
cigars,
Divorce,
CGPGrey,
MxRMods,
RetroNickelodeon,
intj,
HomeDecorating,
Crazyppl,
ps2,
dice,
Jewish,
WholesomeComics,
Neuropsychology,
ConanExiles,
bikeboston,
guns,
wholesomegifs,
Magicdeckbuilding,
crafts,
AnimalsBeingDerps,
LooneyTunesLogic,
IndieMusicFeedback,
rollercoasters,
fuckwasps,
mytimeatportia,
boburnham,
trashy,
AirReps,
MyNintendo,
feuj,
menwritingwomen,
truegaming,
SympatheticMonsters,
orangeisthenewblack,
AlbumArtPorn,
rpghorrorstories,
PeterExplainsTheJoke,
Magic,
redditsings,
magicTCG,
BabaIsYou,
MichaelsEmployees,
marilyn_manson,
science,
freegames,
dankmark,X
AITA_WIBTA_PUBLIC,
edge,
195,
houseplants,
housewifery,
CarAV,
HelpMeFindThis,
spiderbro,
bikinis,
murdermittens,
Finland,X
TaylorSwift,
schizophrenia_conquer,X
CollegeRant,
hitboxarcade,
PropagandaPosters,
ArkEcosystem,
90scartoons,
S23Ultra_Photography,
investing,
Foofighters,
SapphoAndHerFriend,
MultiVersus,
amihot,
uselessredcircle,
AmISexy,
MentalHealthPH,X
TalesFromYourBarista,
ForwardsFromKlandma,
comedyhomicide,
cottagecore,
OnlyFansAsstastic,
Hermeticism,
Art,
EnjinCoin,
GrowingMarijuana,
NameNerdCirclejerk,
badwomensanatomy,
Snek,
BecomingOrgasmic,
ACNHGifts,
legaladvicecanada,
elonmusk,
whatisthismushroom,
CatAdvice,
alltheleft,
settmains,
thelongdark,
u_hermantheshocker,
nathanforyou,
WalmartCelebrities,
WormOnAString,
blurrypicturesofcats,
MurderDrones,
FossilPorn,
JustDance,
aviation,
medellin,X
gardening,
askpsychology,X
yiff,
Cody,
CleanEating,
lastimages,
PQAbelian,
RBI,
iphone,
DeadMothersClub,
onejob,
FoodNYC,
AskACanadian,
KreigPosting,
ADVChina,X
suggestmeabook,
Witch,
MadeMeSmile,
AutismInWomen,X
askgaybros,
ftm_phallo,
webcomics,
doodoofard,
AmericanPolitics2,
actualite,
13ReasonsWhy,
Jungle_Mains,
meth,
GhostAdventures,
TooGoodToGoCanada,
shoegaze,
KatarinaMains,
Debt,
foundsatan,
PhilosophyofScience,
intrusivethoughts,
Enhancement,
Destiny,
abodysbeendiscovered,
TrollCoping,
ColleenBallingerSnark,
AltYiff,
Satisfyingasfuck,
Serverlife,
CompetitiveHalo,
survivalhorror,
LivestreamFail,
NYTConnections,
AnimalsBeingGeniuses,
ProgrammerHumor,
battlefield2042,
u_okyxnus,
WatchPeopleDieInside,
BombRush_Cyberfunk,
backrooms,
adultsurvivors,
buffy,
outrun,
AmItheButtface,
ShortSadStories,
ABDL,
GothStyle,
Heavymind,
digitaljournaling,
realwitchcraft,
altrightbrainwashing,
homestead,
sadposting,
VisionaryArt,
fursuit,
nonmurdermysteries,
FiXTofficial,
minds_eye,
yahooanswers,
AlignmentCharts,
isitnormal,
callcentres,
PetAfterVet,
FireEmblemThreeHouses,
homeautomation,
ImaginaryAww,
ImaginaryNatives,
FreeSpeech,
baltimore,
whitepeople,
ImaginarySpirits,
TwoSentenceHorror,
picrequests,
TalesFromYourServer,
trueMusic,
Warframe,
lithuania,X
youtubecomments,
ImmersiveDaydreaming,
squirrels,
wow,
capitalism_in_decay,
questions,
TeraOnline,
MoroccoMemes,X
ShuumatsuNoValkyrie,
GaybrosGoneWild,
avatartrading,
MoldlyInteresting,
Marin,
slavelabour,
TheMidnightGospel,
geography,
Montessori,
AskAnthropology,
mobilephotography,
hitbox,
BoaConstrictors,
KumoDesu,
XboxGamePass,
TOTK,
Amd,
formula1,
bimbofication,
FranceFIRE,X
wroteabook,
lostredditors,
u_PlayStationAU,
overwatch2,
IllegallySmolBunnies,
cade,
TechNope,
Hermetics,
Ghost_in_the_Shell,
ZhdanovDoctrine,X
voyageons,X
acnh,
FreyasHall,
jobs,
androiddev,
AfterMan,
discordfriends,
Instagram,
gamedev,
CatsBeingCats,
Vault_Tec_Corporation,
UKdocumentaries,
HollowKnight,
TerminallyStupid,
salamanders,
guineapigs,
audiobooks,
orangered,
ImaginaryCityscapes,
saplings,
Hieroglyphics,
FTMFitness,
u_Netflix_BoJack,
TikTokCringeAnarchy,
youngpeoplereddit,
u_RainDMask,
Portland,
ENFP,
TheresARedditForThat,
photoshopbattles,
repbudgetsneakers,
fashion,
Bogota,X
astrologymemes,
TheoTown,
bookclub,
hoarderhouses,
philadelphia,
exoticpets,
RussiaUkraineWar2022,X
Gaming4Gamers,
puffco,
characterdesign,
DPH,
Splatoon_3,
DarkArtwork,
foraging,
roblox_arsenal,
Perfectfit,
asexualdating,
SlowNewsDay,
traabutyesanarchism,
Switch,
deficitschizophrenia,X
Taxidermy,
blackops3,
SipsTea,
GMECanada,
vultureculture,
KindleFreebies,
PS3,
Talonmains,
derealization,X
popping,
creepyPMs,
dndmemes,
coins,
VFIO,
Enneagram,
moviecritic,
electricvehicles,
canberra,
Alienware,
askwomenadvice,
trackers,
ControlProblem,
deepseacreatures,
tortoise,
bisexual,
gamernews,
trans,
JoJoMemes,
fightsub,
DenverCirclejerk,
aussievapers,
AskFeminists,
BeachCity,
endometriosis,
breastfeeding,
DilatedPupils,
tragedeigh,
ImaginaryWorlds,
surrealism,
Grossdom_academy,
haroldhalibut,
Blender420,
DisneyWorld,
WomenDK,X
VRchat,
PvZGardenWarfare,
war,
AskOuija,
picrew,
Wizard101,
panicdisorder,X
wordle,
RedditLaqueristas,
blackmagicfuckery,
Superbowl,
yumenikki,
uknews,
Fuckthealtright,
abusiveparents,
PetiteFitness,
coolguides,
LemonySnicket,
BranWinsTheThrone,
malelivingspace,
unusual_whales,
immobilier,
foodscam,
PS4,
antidepressants,
NarcoFootage,
heightcomparison,
Onitsuka_tiger,
Accounting,
GreekMythology,
CoronavirusDownunder,
internationalaffairs,
ComedyNecrophilia,
suspiciousquotes,
IsItBullshit,
u_Edw4rdNewgate,
oddlyspecific,
translator,
metalgearsolid,
WalgreensStores,
Yeovil,
mushroom_hunting,
SimsIRL,
franksinatra,
Polandballart,
speed,
XPpen,
askSingapore,
Scoobydoo,
Coronavirus,
LSA,
lebanon,X
CultistSimulator,
Music,
PinoyProgrammer,
ukpolitics,
OnlyFans101,
YosHi,
Volvo,
AskTeenGirls,
pestcontrol,
unintentionalASMR,
DeadSpace,
liluzivert,
u_I-Built-The-Sky,
MathHelp,
inZOI,
SanDiegan,
Hue,
BoJackHorseman,
TheLastAirbender,
travel,
CasualUK,
RealTimeStrategy,
CanadianInvestor,
Gameboy,
Kyle,
AntifascistsofReddit,
Fauxmoi,
solipsism,
CarletonU,
AmItheEx,
doctorwho,
GoForGold,
ontario,
NiceHash,
ModestDress,
singing,
MARIOPARTY,
GrandmasPantry,
ShittyPhotoshop,
kansascity,
ChernobylTV,
MyChemicalRomance,
HealthInsurance,X
secretsanta,
ginger,
AutoModerator,
Hiphopcirclejerk,
WingsOfFire,
diabetes,
progresspics,
LeagueConnect,
ModernMagic,
runescape,
ACPocketCamp,
youngpeopleyoutube,
Vlogs,
DidntKnowIWantedThat,
FrugalKeto,
raimimemes,
SeriousConversation,
wallstreetbets,
Nocontextdiscord,
Hong_Kong,X
FilmBook,
combinedgifs,
Vans,
e46,
Pocketfrogs,
NetflixByProxy,
gamingmemes,
duckswithjobs,
beagle,
engrish,X
Albany,X
AmanitaMuscaria,
DMT,
digimon,
okbuddychicanery,
chiweenie,
poodles,
Wombodream,
NastyHentai,
Labour,
HadToHurt,
chess,
VictorianEra,
rabies,
HauntingOfHillHouse,
editorialcartoons,
fakecartridges,
baseball,
bigfoot,
hadmeinthefirsthalf,
narcissisticparents,
oldpeoplefacebook,
failarmy,
GED,
herpetology,
ShroomID,
SmashBrosUltimate,
4PanelCringe,
FTMMen,
britishproblems,
ImaginaryVolcanoes,
btc,
Eonerth,
Chonkers,
Skydentify,
entitledparents,
CreditCards,
drugscirclejerk,
Bossfight,
antinatalism,
Dance,
highdeas,
JackSucksAtGeography,
satanism,
HappyTreeFriendsRP,
BradyHaran,
cybersecurity,
CrohnsDisease,
Etsy,
chartercable,
surrealmemes,
religion,
axolotls,
legoharrypotter,
civ,
rebirthwow,
Manipulation,
chilliwack,
Synesthesia,
AnimalTracking,
ImaginaryCybernetics,
juridischadvies,
misc,
Zippo,
indie_rock,
postrock,
ALLTHEANIMALS,
idkhowbuttheyfoundme,
Psychosis,X
TameImpala,
a:t5_2u7o5,
nukedmemes,
BabyBumps,
EatCheapAndHealthy,
Shein,
gofundme,
medizzy,
IcebergCharts,
IAmA,
4Xgaming,
SubsTakenLiterally,
Idaho,
lightcannon,
blurrypicturesofdogs,
voidpunk,
theyknew,
DHgate,
Echerdex,
mlb,
PUBATTLEGROUNDS,
AzureLane,
Moronavirus,
HomeImprovement,
AskEurope,
yiffinhell,
InsaneSiblings,
DeathsofDisinfo,
SexToys,
shittierDaystrom,
emojipasta,
TheAdventureZone,
TheWitness,
Tinder,
NoRules,
Concrete,
turning,
Miniworlds,
PrideAndPinion,
Tuberculosis,
GraphicDesigning,
readyplayerone,
BitcoinBeginners,
AllStarBrawl,
comedyheaven,
Blackops4,
pics,
runes,
bigasses,
tumblr,
ThisParanormalLife,
Avatar,
Ozempic,
RedditSessions,
MonsterAnime,
europe,
egg_irl,
InternetFriends,
CatsInSinks,
economy,
keto,
Floof,
shid_and_camed,
wikipedia,
NevilleGoddard2,
u_TemptationsTreats,
GriefSupport,
gybe,
food,
Deltarune,
REBubble,
booksuggestions,
TroveCreations,
DrakeandJosh,
WWII,
Hobbies,
Dinosaure,
juul,
chessbeginners,
PCOSloseit,
danganronpa,
CoSroblox,
pregnant,
litecoin,
needadvice,
shitpostbound,
ACQR,
Kenoshakid,
woof_irl,
answers,
DiscoElysium,
TestosteroneKickoff,
changemyview,
CharacterAI,
BarbaraWalters4Scale,
Sleepparalysis,
venting,
AyeshaErotica,
sanfransisco,
fantasywriters,
supersmashbros,
cocaine,
witcher,
buteyko,
emtb,
cripplingalcoholism,
Newmarket,
me_irl,
CreaturesofSonaria,
PhotoshopTutorials,
TerrifyingAsFuck,
cats,
plantclinic,
minoxidil,
skyrim,
MaladaptiveDreaming,
harrypotterfanfiction,
gifsthatkeepongiving,
DogAdvice,
nevertellmetheodds,
smallbusiness,
SombraMains,
CatsAreAssholes,
fermentation,
glutenfree,
d100,
TheBoomerFamily,
fountainpens,
okaybuddyretard,
standardissuecat,
ImaginaryWaterfalls,
bizarrebuildings,
JustNoSO,
onebag,
introvertmemes,
tuckedinkitties,
pansexual,
Documentaries,
mechanicalpencils,
Cynicalbrit,
Lottery,
PetAdvice,
crushcrush,
AnimalCrossingStories,
ImaginaryDwarves,
Concerta,
CatholicMemes,
femalelivingspace,
hamsters,
lingling40hrs,
SalemMA,
osx,
poetry_critics,
Palworld,
startups,
OldManDog,
Shitty_Car_Mods,
duncantrussell,
animalid,
circlejerknyc,
deadcells,
Kava,
Mercari,
ThisIsOurMusic,
EasternCatholic,
ATBGE,
fardballsland,
WorkReform,
FractalPorn,
conservativeterrorism,
ClaudeAI,
gratefuldead,
HedgehogMemes,
midnightsuns,
RedditAvatar,
Kemetic,
BritishTV,
VindictaRateCelebs,
sorrowness,
rgbroachgang,
casualnintendo,
de,X
BPDSOFFA,X
MyHeroAcadamia,
Ostriches,
doggohate,
confidentlyincorrect,
WarzoneLFG,
maryland,
subnautica,
3DS,
femalehairadvice,
pens,
ChatGPT,
CozyPlaces,
AskVet,
funkopop,
pittsburgh,
LivingAlone,
transporn,
honesttransgender,
NahOPwasrightfuckthis,
Astral,
clay,
aww,
cosplay,
fifthworldproblems,
UNCCharlotte,
GhostsOfTabor,
InteriorDesign,
Paramore,
ouraring,
northernireland,
SuddenlyGay,
FreeEBOOKS,
Hypothyroidism,
cake,
projectzomboid,
leicester,
FortNiteBR,
DecorReps,
Minecraft,
gdevelop,
Virginia,
AJR,
ShaneDawson,
rap,
ICoveredASong,
ukraine,X
AndroidQuestions,
fo76PTS,
u_Ihopethereshope,
cky,
guccihighwaters,
TortureSurvivors,
BetterEveryLoop,
screenshots,
Cascadia,
TenantUnion,
DecodingTheGurus,
infj,
CreepyArt,
OTK,
TheBackrooms,
QAnonCasualties,
cyberpunkgame,
a:t5_38ffw,
GenderCynical,
femdomgonewild,
TorontoRealEstate,
veggieshake,
cyberDeck,
Journaling,
whatismycookiecutter,
sadcringe,
indieheads,
ComedyCemetery,
newbing,
ftmselfies,
emetophobia,
dpdr,
ihadastroke,
millionairemakers,
indoorgardening,
usps_complaints,
PrincessesOfPower,
DressUpTimePrincess,
PcBuild,
japanesestreetwear,
vagabond,
Doritos,
mixingmastering,
straya,
EbonyImagination,
ImaginaryAnimals,
DollarTree,
xboxone,
kimber,
outlast,
ECEProfessionals,
photoshop,
OnLive,
Awww,
ImaginaryMonsters,
GODZILLA,
GardeningAustralia,
olympia,
biology,
thewitcher3,
afterlife,
OnePieceSpoilers,
ProperAnimalNames,
catbongos,
xcloud,
youtubehaiku,
birthofasub,
Lipoma,
DotHack,
learntodraw,
shrooms,
JohnMulaney,
AnimalsOnReddit,
ender5,
anxietymemes,
OverwatchUniversity,
namenerds,
pettyrevenge,
mushroomID,
GenZ,
tamagotchi,
ImaginarySliceOfLife,
summonerschool,
AutumnPorn,
sixwordstories,
Millennials,
u_sammyboy79,
fantasyfootballadvice,
Fitness,
papercraft,
Celticom,
RLFashionAdvice,
burlington,
dancemoms,
VintageStory,
musicals,
weirdspotifyplaylists,
ipad,
nsfwhardcore,
Sexy,
dishonored,
makeupflatlays,
explainlikeimfive,
BoomersBeingFools,
Feedism,
raisedbyborderlines,X
zillowgonewild,
creepy,
MinecraftHelp,
MafiaTheGame,
americandad,
HuluLive,
gymsnark,
blog,
PuppyBellies,
Masterchef,
CompTIA,
EssentialTremor,
agedlikemilk,
gaytransguys,
feminineboys,
RandomQuestion,
kustom,
ohnePixel,
CozyGamers,
cemu,
Simpsons,
drawing,
ImaginaryMindscapes,
BALLET,
SSBM,
X,
Dongistan,
actuallesbians,
DestinyFashion,
SimThemePark,
AmateurPhotography,
sallyface,
demsocialists,
blackopscoldwar,
playmygame,
dementia,X
vancouver,
BadTranslations,
TrueUnpopularOpinion,
NewGreentexts,
CryptoMarkets,
TrippyGIFs,
SatoshiStreetBets,
funnyvideos,
wendys,
musicsuggestions,
NFTExchange,
lincoln,
ImaginaryMythology,
HeadphoneAdvice,
Christians,
whiskey,
Deathknight,
betterCallSaul,
LegionFX,
greentext,
bookofmormonmusical,
fredagain,
haircoloring,
IIFYM,
adhdmeme,X
whatsthissnake,
budtenders,
aiwars,
swearing,
schizoposters,X
tranarchism,
walking,
Boxing,
ImaginaryGallifrey,
piano,
McLounge,
sadcats,
dkkarriere,X
cringe,
ImaginaryDisney,
MechanicAdvice,
MedicalCannabisAus,
kandi,
ClashRoyale,
EerieVideos,
girlscontrolled,
ChinaTime,X
printondemand,
dontputyourdickinthat,
Celebs,
rance,X
KendrickLamar,
normalnudes,
UmbrellaAcademy,
Amigurumi,
pokemonmemes,
DigitalArt,
CBT,
blessedimages,
SystemsCringe,
DKbrevkasse,X
sillyboyclub,
RustConsole,
WhyWomenLiveLonger,
VancouverIsland,
CDProjektRed,
LowSodiumDestiny,
creepypasta,
TattooDesigns,
bodylanguage,
dogpictures,
auckland,
penis,
learnfrench,X
GIDLE,
AskAPriest,
SaintMeghanMarkle,
FeeltheBern,
everyfuckingthread,
hinduism,X
SouthParkPhone,
SavingMoney,
Flooring,
YGOMarketplace,
applehelp,
Monero,
JBPforWomen,
GhostwireTokyo,
dawnofwar,
OntarioGrade12s,
Warthunder,
sweden,X
OSXElCapitan,
Sketch,
heroin,
askatherapist,X
ZeroWaste,
QuantifiedSelf,
ABA,
IntellectualDarkWeb,
tvPlus,
30ROCK,
newreddits,
ChinaMemes,X
thinkpad,
Psychiatry,X
careeradvice,
a:t5_2ttkk,
NSFWFunny,
StandUpComedy,
textfriends,
meirl,
ChristianOrthodoxy,
AnaMains,
space,
AEWFanHub,
BringMeTheHorizon,
hardwaregore,
baddragonboys,
u_HumbleBrook,
Atari2600,
ABraThatFits,
sewing,
flashlight,
TransyTalk,
BoneAppleTea,
SmileBASIC,
enfj,
didneyworl,
Xbox_One_X,
Ask_Lawyers,
Toyota,
TheRightCantMeme,
EtikaRedditNetwork,
Dads,
CasualPH,X
adhd_college,X
nocontextpics,
garfield,
Metalcore,
AutoDetailing,
LifeAdvice,
pollgames,
BadNeighbors,
MidnightGospel_,
Hidradenitis,
BadDragon,
GenAlpha,
coursera,
u_Puzzles_Survival01,
TrashyText,
chocolate,
hellblade,
Soulnexus,
SprocketTankDesign,
SkyPorn,
lgbt,
TuckedInPuppies,
MoeMorphism,
2healthbars,
Amazingdigitalcircus,
LadyBoners,
IncreasinglyVerbose,
trippy,
FordTrucks,
PokemonScarletViolet,
tesco,
radiohead,
Hermes,
redditguild,
smallstreetbets,
u_schisissite,
Burberry,
HipsterJokes,
toastme,
DragonageOrigins,
duluth,
HandsFreeTrans,
FemBoys,
Anarchy101,
Polestar,
MorbidReality,
SpaceArt,
AltStreetBets,
Jupiters,
GypsyRoseBlanchard,
creepyvideos,
Mario,
upcycling,
jakanddaxter,
therapyabuse,X
nothingeverhappens,
Drizzy,
USHistory,
artificial,
NightInTheWoods,
woooosh,
Cosmere,
MemePiece,
chadsriseup,
OopsThatsDeadly,
psychologystudents,
Legitpiercing,
Kirby,
TheBoys,
LandlordLove,
aspergirls,X
TwoXSex,
dataisbeautiful,
AITAH,
counter_strike,
patriceoneal,
HouseFlipper,
MapPorn,
cheatingexposed,
PhilosophyofMind,
phclassifieds,X
ChristmasTrees,
PokemonPokedexHelp,
foxholegame,
ArsenalFC,
riotgrrrl,
ABoringDystopia,
sushi,
OSINT,
Firewatch,
Stretched,
androidthemes,
ClassicRock,
streetwear,
love,
portlandcomplaining,
helpme,
okbuddyretard,
halo,
aesoprock,
Mindustry,
INEGentlemanBoners,
ArkInvestorsClub,
therewasanattempt,
dietetics,
FedEx,
WhenWeWereYoungFest,
christmas,
factorio,
cheating_stories,
nova,
SimCity,
web_design,
ouchies,
comicbookart,
UK_Food,
asexuality,
keyboards,
puppersheckingdying,
ToyCollectors,
horrormanga,
yiff_irl,
cursedcommetn,
fridaythe13th,
ParisTravelGuide,
Bandnames,
fightsticks,
TheRandomest,
Home,
ChrisChanSonichu,
finch,
jschlatt,
pan,
Watches,
batman,
musicians,
linux,
transmanlifehacks,
Horses,
woodworking,
yesyesyesyesno,
Shroud,
FreeCompliments,
acrylicpainting,
1990s,
buildapcforme,
AskAmericans,
1200isfineIGUESSugh,
FiftyFifty,
femalefashionadvice,
sciencefiction,
caretakercirclejerk,
TheDepthsBelow,
HugeDildos,
rpg_gamers,
fender,
Hera,
LeatherClassifieds,
GTAIV,
flags,
hyperphantasia,
ImaginaryLandscapes,
selfharmteens,X
cultsurvivors,
FanTheories,
Jewdank,
HauntedMound,
CraftyEnts,
NonEnglishMusic,X
reditr,
labrador,
lifeisagift,
a:t5_2iu4jf,
ksiazki,X
unexpectedfuturama,
france,X
DarkTales,
apple,
polls,
kucoin,
douglascollege,
Sufism,
SpecArt,
RedditPregunta,X
alchemy,
Diablo,
DnB,
IdiotsNearlyDying,
Cooking,
DayDreamWorldbuilding,
PourPainting,
MarchAgainstNazis,
pcgaming,
Slayer,
TheArkTVSeries,
Anarcho_Capitalism,
SuperSmashFlash,
StardewValley,
technology,
gamecollecting,
piercing,
rupaulsdragrace,
earthbound,
BirdButts,
AdobeIllustrator,
WhiteWolfRPG,
TheHandmaidsTale,
platformer,
FanFiction,
kurzgesagt,
ImaginaryCyberpunk,
Beastars,
FUCKYOUINPARTICULAR,
Chevy,
SocialParis,X
CrazyHuman,
AmateurRoomPorn,
littlehealer,
ESObuilds,
Pussy_Perfection,
u_hereonneptune,
ShowerOrange,
Spunchbob,
Barotrauma,
nocontext,
MonsterHigh,
wherecanibuythis,
ProvoUtah,
writing,
lordoftherings,
crochet,
hearingvoices,X
CarTalkUK,
Guitar,
LoveForLandchads,
MensRights,
college,
AskMiddleEast,
bugidentification,
goodrestrictionfood,
LesbianActually,
2000sNostalgia,
BingeEatingDisorder,X
gamesuggestions,
Ipsy,
selfeducation,
TuxedoCats,
phoenix,
BanPitBulls,
OnlineDating,
LegalAdviceUK,
ComedyHitmen,
conspiracy,
toontownrewritten,
AskWomenOver50,
itchio,
NSFW_GIF,
computers,
findasubreddit,
MacOS,
UltimateMusician,
splatoon,
GolfClap,
MaliciousCompliance,
BetweenThemTitties,
LGBTQIAworld,
goodanimemes,
AskProgrammers,
ATLA,
geopolitics,
a:t5_3prhx,
listentomusic,
snakes,
lupus,
BisexualFantasy,
Autos,
movies,
iamverybadass,
wowthanksimcured,
darkjokes,
HisDarkMaterialsHBO,
ZonaEnts,
flipline,
GirlGamers,
Austin,
Anxietyhelp,X
popculturechat,
cringepics,
NoFapChristians,
u_Marta_Clarice,
ComicWriting,
makinghiphop,
TheAmericans,
ItemShop,
recap,
ImaginaryStarscapes,
transmasc_irl,
geometrydash,
australia,
BeAmazed,
plantabuse,
UK_Pets,
BratLife,
sciencememes,
Rateme,
tea,
ImaginaryLeviathans,
scars,
The100,
raisedbynarcissists,
fakedisordercringe,X
AskALawyer,
okbuddyreiner,
Emo,
ElegooSaturn,
Android,
rage,
creepmouse,
ITCareerQuestions,
StarWarsAndor,
fractals,
comingout,
FemaleAntinatalism,
classicalmusic,
joinsquad,
puzzles,
PetitePregnant,
TwoRedditorsOneCup,
NoFap,
Trumpgret,
erectiledysfunction,
starwarsmemes,
humansarespaceorcs,
Empaths,
SteamDeck,
resin,
RoleReversal,
Crushes,
Kankens,
adultingph,X
SluttyConfessions,
Thetruthishere,
wildlifebiology,
learnpiano,
CreativeProcess,
DoesAnybodyElse,
yeat_,
HPSlashFic,
PaleMUA,
Janna,
u_callmesulee,
LilGrabbies,
DesktopDetective,
systemofadown,
trailerparkboys,
ImaginaryAnime,
Nevada,
LittleBiggy,
trapproduction,
boysarequirky,
mtg,
snooker,
Hornyjail,
DaftPunk,
sitcoms,
vampires,
BMWE36,
OrthodoxChristianity,
Python,
geographymemes,
Slipknot,
r4rQatar,X
FallOutBoy,
wholesome,
askportland,
DetroitRedWings,
BlackHentai,
words,
leagueoflegends,
likeus,
arttocope,
SelfAwarewolves,
Rodnovery,
carbage,
whales,
lemauvaiscoin,X
iran,X
TheBullWins,
breakingbad,
WeirdWheels,
RaftTheGame,
SoulCaliburCreations,
cryptomining,
ChainsawMan,
SuggestALaptop,
unitedkingdom,
clonehigh,
Qult_Headquarters,
fanart,
ImaginaryTechnology,
replika,
cosmology,
VeganFoodPorn,
corgi,
SmotheredTLC,
AskLGBT,
PreggoPorn,
Tudorhistory,
cakefails,
StickAndPoke,
fakehistoryporn,
preyingmantis,
gamingpc,
Layer,
FrozenFlame,
SideProject,
nope,
vegetarian,
whatsthisrock,
ElsaGate,
puns,
90DayFiance,
FamiliesYouChoose,
The_Mueller,
interactivefiction,
mxpx,
tech,
LifeProTips,
GooglePixel,
HumansBeingBros,
doggos,
ImaginaryUndead,
PHXMeetup,
windowshots,
ProfessorLayton,
AMA,
ac_newhorizons,
amIuglyBrutallyHonest,
darksouls,
a:t5_28f0k3,
MetalForTheMasses,
NameMyCat,
AskABrit,
MedicalGore,
finance,
Paranoia,
SoraAi,
fossils,
Spectrum,
MilitaryPorn,
nononono,
rapecounseling,
Pieces,
NuclearThrone,
EDAnonymous,X
NooTopics,
PoliticalVideo,
SisterWives,
instantkarma,
SpaceForce,
PixelArt,
radioheadcirclejerk,
cockatiel,
Conures,
beermoney,
instantbarbarians,
shittyaquariums,
Frisson,
democracy,
LGBTeens,
Survival,
softwaregore,
ptsd,X
Homebrewing,
ImaginaryFlora,
JanitorAI_Official,
Damnthatsinteresting,
excatholic,
scaryeddie,
nasa,
BCPublicServants,
OilLamps,
arborists,
DiscussDID,X
gatekeeping,
DungeonAlchemist,
u_Silverstep_the_loner,
crashlands,
ufc,
Moissanite,
LateStageCapitalism,
rockstar,
IsraelPalestine,X
badfoodporn,
cinescenes,
instant_regret,
MagicEye,
steak,
hungary,X
lotro,
byzantium,
doggrooming,
rosin,
2meirl4meirl,
ImaginaryHumans,
polandball,
pussinboots,
cremposting,
BitcoinCA,
Christopaganism,
SantaFe,X
trippinthroughtime,
BigFive,
galaxys10,
logodesign,
Korosensei,
torrentrequest,
itookapicture,
DougStanhope,
Noctor,
Ladybonersgonecuddly,
australian,
JOIP,
doomer,
NovaLauncher,
mapporncirclejerk,
HairStyleAdvice,
WhatsWrongWithYourCat,
bugs,
ffxi,
Belfast,
Botchedsurgeries,
Why,
willwood,
AlternativeHistory,
Daytrading,
celebnsfw,
promoteonlyfans,
AskPhysics,
AbruptChaos,
bi_irl,
starwarsspeculation,
studyAbroad,
AnythingGoesNews,
yiffcaptions,
void_memes,
Gifts,
printmaking,
gamingsuggestions,
Bedbugs,
confessions,
Life,
mildyinfuriating,
Glitch_in_the_Matrix,
decaf,
UnsentMusic,
a:t5_2t9kh,
FollowersOfHermes,
Chadtopia,
amazonprime,
ChinoWadachi,
SantaMuerte,X
aaaaaaacccccccce,
MonsterGalaxyP2E,
OntarioLandlord,
ManorLords,
niceballpythons,
TrollHunters,
tmobileisp,
TranscribersOfReddit,
HeroAcademy,
Wellthatsucks,
youtubers,
CICO,
GetMotivated,
conspiracytheories,
TransMasc,
tiktokcringemoment,
TowerDefense,
Kombucha,
gaming,
Jcole,
maybemaybemaybe,
AltFashion,
mentalillness,X
LivingMas,
medical_advice,X
Animal,
EnglishLearning,X
boxoffice,
phenibut,
TheLastOfUs2,
WallStreetBetsCrypto,
PlanetZoo,
Eminem,
aspergers,X
NewOrleans,
fffffffuuuuuuuuuuuu,
lighters,
lawschooladmissions,
Wellington,
BecomingTheIceman,
Tattoocoverups,
Political_Revolution,
HighQualityGifs,
papersplease,
hardware,
ArtistLounge,
ageregressors,
FetchAI_Community,
Grimdawn,
xxxcaptions,
motivation,
Pickles,
IASIP,
TalesFromRetail,
pacmanfrog,
school,
GetEmployed,
aivideo,
WholesomeYiff,
MarkMyWords,
nottheonion,
DebateAChristian,
redditmobile,
PokemonBDSP,
AmongUsFriendFinder,
flowers,
daria,
Minecrafthmmm,
Celiac,
NAU,
TooAfraidToAsk,
ClintStevens,
wizardposting,
ForeverAlone,
TravelMaps,
titanic,
askcarguys,
u_profanitycounter,
SEGAGENESIS,
PokemonTCG,
boykisser,
duolingomemes,
u_Yattiel,
RebelTaxi,
banano,
RandomKindness,
PanicAttack,X
AlternateHistory,
KikRoleplay,
UncleRoger,
nvidia,
3Dprinting,
RogerWakefieldPosts,
Catownerhacks,
csun,
dogsusingpillows,
NinjaSexParty,
Pirate101,
LasVegas,
FemboyFashion,
unturned,
howtonotgiveafuck,
absolutelyknotfurryir,
DrawForMe,
TaxiDriver,
Undertale,
90sAlternative,
skinwalkers,
megalophobia,
catthew,
banjo,
ImaginaryNetwork,
RealAhegao,
Grimdank,
ImagesOfNewZealand,
OnlyFansNeverNude,
sunset,
Tendies,
HollywoodUndead,
EDM,
a:t5_34j28,
AncientCoins,
TheGirlSurvivalGuide,
worldpolitics,
ausents,
falloutsettlements,
depression,X
PicsOfUnusualBirds,
mcservers,
TransferToTop25,
StarWarsBattlefront,
AskScienceFiction,
lifeisstrange,
BSTsquishmallow,
trees,
GiftofGames,
OmadDiet,
fireemblem,
Smoothies,
Watercolor,
arcanum,
climatechange,
JuiceWRLD,
autismmemes,X
INeedAName,
GonewildAudible,
aquarium,
miband,
ImaginaryJedi,
friendship,
Anxiety,X
CollegeDropouts,
Herpaderp,
WatchesCirclejerk,
Polska,X
nplusplus,
Catswithjobs,
SupermodelCats,
The10thDentist,
firetvstick,
stepparents,
benzodiazepines,
HelloKitty,
Dogtraining,
entwives,
Konosuba,
learnmath,
Pedro_Pascal,
Transmedical,
notinteresting,
EUSporeHub,
HardcoreNature,
Instagramreality,
Outsiderart,
nordvpn,
specialeducation,
bluey,
CaribbeanFood,
chaosmagick,
ScenesFromAHat,
Sharktits,
bemorechill,
woohoosong,
startrek,
cereal,
peacocks,
femcelgrippysockjail,
Overwatch_Memes,
Liberal,
AquariumMemes,
iamatotalpieceofshit,
FurryFemboy,
againstmensrights,
Vinesauce,
terracehouse,
EngineeringPorn,
caloriecount,
u_WatchCrunch,
TinyTits,
gaybros,
Antipsychiatry,X
Anki,
centerleftpolitics,
folkmagic,
teenagersnew,
ragecomics,
uktravel,
donthelpjustfilm,
CitiesSkylines,
painting,
KarmaRoulette,
Dogowners,
Marriage,
TheArtistStudio,
queercore,
30PlusSkinCare,
snes,
NPD,X
fullmoviesonyoutube,
copenhagen,
evilautism,X
medlabprofessionals,
oddlymesmerizing,
yotsuba,
CrusaderKings,
spotify,
blop,
arachnids,
needamod,
3Blue1Brown,
AstrologyChartShare,
Backbone,
BitcoinMining,
outfitoftheday,
9M9H9E9,
TrollXOver30,
ios,
CasualIT,
istp,
homestuck,
DayZServers,
ShadowBan,
LabourUK,
badBIOS,
marshmello,
chinesefood,X
FashionReps,
Acid,
TrueCrimeDiscussion,
herbalism,
youtube,
hardstyle,
DrawnTogether,
Markiplier,
Eyebleach,
popheadscirclejerk,
AskMen,
Mars,
ImaginaryDragons,
esports,
trailmakers,
lua,
u_Cutieboo955,
DHMIS,
Miami,
succulents,
LeopardsAteMyFace,
TalesFromTheCustomer,
tooktoomuch,
treedibles,
typewriters,
WhatWeDointheShadows,
Graffiti,
Socialism_101,
circlejerkaustralia,
BuddyCrossing,
carlsagan,
toyhouse,
MomForAMinute,
ShitMomGroupsSay,
Petscop,
mlem,
cs2,
OutOfTheLoop,
Cutefroggies,
demisexuality,
psychoanalysis,X
microtonal,
worldbuilding,
SeasonalAffective,X
NewTubers,
StarWars,
ARG,
BipolarReddit,X
WebGames,
NetflixBestOf,
chinesecooking,X
Grimes,
exchristian,
Hair,
scienceofdeduction,
ThomasPynchon,
ragdolls,
WomensHealth,X
MurderedByGPT,
SuperMarioOdyssey,
awfuleverything,
yandere,
3dart,
terriblefacebookmemes,
triangle,
actual_detrans,
uraniumglass,
MenAndFemales,
SubwayCreatures,
holdmycosmo,
windows,
theXeffect,
ethereum,
theocho,
odnd,
idm,
roadtrip,
Dabs,
Kitsap,
FitGirlRepack,
blender,
1688Time,
CoutureReps,
ethtrader,
MeetPeople,
Naturewasmetal,
MinecraftMemes,
collared,
Wordpress,
Bellwright,
ImaginaryWitches,
tallyhall,
sad,
Assistance,
poor,
PewdiepieSubmissions,
worldpolitics2,
ArtTherapy,X
england,
KamikazeByWords,
psychedelicartwork,
AIfreakout,
castiron,
LinusTechTips,
depression_memes,X
ACT,
worldnews,
SPD,X
justneckbeardthings,
NSFWMemes,
TropPeurDeDemander,X
tmbg,
news,
iiiiiiitttttttttttt,
ImaginaryPirates,
Fluoxetine,
battlestations,
MinecraftDungeons,
iilluminastii,
DiceMaking,
findareddit,
nightcafe,
ankylosingspondylitis,
nerdcorehiphop,
tarantulas,
Scottsdale,
fuckHOA,
neighborsfromhell,
Minecraft360,
bigdickproblems,
OverwatchCirclejerk,
CryptoCurrencyMoons,
UniversityofReddit,
FosterThePeople,
shittytattoos,
watchpeoplesurvive,
simpleliving,
thanksimcured,
tiedye,
Shihtzu,
PharmacyTechnician,
xena,
SeattleWA,
RateMyPlate,
disneyvacation,
dogecoin,
JustGuysBeingDudes,
copycatrecipeslight,
HazbinHotel,
WrestleWithThePackage,
ffxivhomeandgarden,
NOTSONEWREDDITS,
notthebeaverton,
hmmm,
Jung,
Petloss,
Unexplained,
malepolish,
opiates,
ImaginaryWalls,
4acodmt,
LucidDreaming,
opensea,
HouseOfTheDragon,
FarthestFrontier,
Jazz,
Grapplerbaki,
Nude_Selfie,
invaderzim,
UnnecessaryCensorship,
roaringkitty,
ImaginaryCharacters,
TenaciousD,
IdentityV,
bayarea,
AmItheAsshole,
CallMeCarson,
FoodPorn,
ImTheMainCharacter,
makeuptips,
pidgeypower,
lactoseintolerant,
80sdesign,
BonneBouffe,X
matrix,
USEmpire,
amathenedit,
mildyinteresting,
forbiddensnacks,
wls,
MenGetRapedToo,
Divination,
piercetheveil,
AnimalCrossingTrading,
Hungover,
Dream,
FormulaFeeders,
assholedesign,
truerateme,
thanosdidnothingwrong,
airsoft,
USMobile,
CastleTV,
PurplePillDebate,
internships,
DessertPorn,
BenefitsAdviceUK,
CBD,
AskDoctorSmeeee,X
personalfinance,
shimeji,
swimmingpaul,
MemeTemplatesOfficial,
Fridge,
Diverticulitis,
yeat,
HealthAnxiety,X
PhotoshopRequest,
sequence,
GlowUps,
nationalwomensstrike,
MusicRecommendations,
nairobi,X
WonderlandTIME,
INFJmemes,
energydrinks,
breathinginformation,
Syria,X
MurderedByWords,
recovery,
inflation,
DWPhelp,X
DesignerReps,
kratom,
BadMUAs,
Chipotle,
panelshow,
TheSimpsons,
IBEW,
TheWayWeWere,
SUBREDDITNAME,
ObscureMedia,
Bumble,
gerbil,
Lost_Films,
BDSP,
deadbydaylight,
2020PoliceBrutality,
PoliticalCompassMemes,
notdisneyvacation,
Justrolledintotheshop,
olympicpeninsula,
parrots,
Jaxmains,
BackroomsCirclejerk,
bestofinternet,
WeAreTheMusicMakers,
POTS,
Fruitarian,
TellMeAFact,
u_Snazzyandbright,
asktransgender,
Ashens,
Iowa,
weightlifting,
AceTeens,
dragonquest,
BusparOnline,
FreedomofSpeech,
CanadaPolitics,
climate,
RossBoomsocks,
nirvanacirclejerk,
SugaryGIFs,
traveladvice,
robloxhackers,
missouri,
awakened,
youdontmattergiveup,
organization,
PrayerTeam_amen,
memesopdidnotlike,
NewIran,X
neurophilosophy,
Sekiro,
bipolar,X
STFC_Official,
solarpunk,
DadForAMinute,
titanfall,
greysanatomy,
EckhartTolle,
god,
Causebox,
nhl,
MakePlace,
InsiderMemeTrading,
Indiana,
whatisit,
Turkophobia,X
theydidthemath,
rape,
abusiverelationships,
Zillennials,
KidsAreFuckingStupid,
IncelExit,
lego,
randomactsofsteam,
exmormon,
forhire,
AssassinsCreedOdyssey,
nincirclejerk,
shoresy,
schizophrenia,X
CuteGuyButts,
HistoryPorn,
apolloapp,
blunderyears,
CuratedTumblr,
iWallpaper,
CopOrNot,
ASI_Alliance,
USPS,
y2kaesthetic,
BeginnerArtists,
NotMyJob,
Sonsofanarchy,
NelliesNest,
FetishFuel,
rareinsults,
CookieClicker,
Quetiapine,
VersusSeries,
pussypassdenied,
CringeTikToks,
AlienAbduction,
transhumanism,
BreakUps,
Amphibians,
OrthodoxGreece,X
a:t5_2jubh9,
Addictedtotheneedle,
NewsWithJingjing,
boypussy,
LetsPlayMyGame,
ImagesOfScotland,
EvilDead,
Cuneiform,
AmITheDevil,
wholesomeyaoi,
hsp,
StarWarsSquadrons,
Rich,
AnimalsBeingMoms,
CodeGeass,
ShrugLifeSyndicate,
CityPorn,
macandcheese,
steam_giveaway,
love2d,
montreal,X
germaphobe,
Bumperstickers,
webdev,
FavoriteMedia,
ChikaPH,X
DunderMifflin,
solaropposites,
eldertrees,
fleshlighters,
fonts,
Rochester,
BJD,
gadgets,
shitfascistssay,
askdrugs,
Mnemonics,
CsectionCentral,
toRANTo,
whatsthisplant,
LittleDarling,
SweatyPalms,
Myfitnesspal,
420,
writers,
teenagersbuthot,
GooseBumps,
bicycling,
attackontitan,
NDIS,X
dankmemes,
CPTSD,X
Sims4,
happytreefriends,
WKUK,
ToolBand,
DebateAVegan,
screaming,
TheGrittyPast,
petfree,
everquest,
autism,X
workout,
Lithops,
centuryhomes,
ainbowroad,
gay,
rockhounds,
ImaginaryRuins,
Worldbox,
Eggy_memes,
OMORI,
AusFinance,
HalfLife,
anime,
Apartmentliving,
FenyxRising,
Healthygamergg,
homemaking,
surreal,
traaaaaaannnnnnnnnns,
LushCosmetics,
Telegram,
Lastpass,
raining,
troubledteens,
AskTechnology,
DankMemesFromSite19,
tattoo,
23andme,
interstellar,
twinpeaks,
bdsmmemes,
Entomology,
Terraria,
ECE,
cogsci,
copypasta,
velvethippos,
TownofSalemgame,
eurovision,
ActLikeYouBelong,
gorillaz,
eFukt,
OculusQuest2,
tolkienbooks,
HPHogwartsMystery,
OnePiecePowerScaling,
EntitledBitch,
wedding,
AskUK,
bernie,
AcidHouse,
MLPdrawingschool,
FREE,
Morrowind,
KyleRittenhero,
shitfromabutt,
Chefit,
HermanCainAward,
elianscript,
fucktheccp,
sadcomics,
booktopia,
trichotillomania,X
StonerEngineering,
Names,
bing,
ShinyPokemon,
PragerUrine,
laptops,
kittens,
DC_Cinematic,
transbodymods,
ASU,
ProgrammerDadJokes,
fakemon,
IDontWorkHereLady,
duck,
Doppleganger,
SCP,
smashbros,
illnessfakers,
SandyCheeksCockVore,
dwarffortress,
outside,
JoeRogan,
Awwducational,
Jokes,
90dayfianceuncensored,
CultOfAphrodite,
roosterteeth,
ukmedicalcannabis,
SocialistRA,
tipofmyjoystick,
fantanoforever,
longrange,
digitalnomad,
thelastofus,
dyscalculia,X
DeepSpaceNine,
sorceryofthespectacle,
SpiritualAwakening,
Barber,
ShitLiberalsSay,
icarly,
curlygirl,
nosurf,
residentevil,
osr,
subbie,
ArtificialInteligence,
appliancerepair,
dundee,
PsychiatryReform,X
Ijustwatched,
KneadyCats,
Converse,
interestingasfuck,
AdviceAnimals,
CozyGrove,
IndieGaming,
X4Foundations,
backpacks,
PrequelMemes,
lordhuron,
Megaten,
crochetpatterns,
ExpectationVsReality,
netflix,
atomicheart,
Phanteks,
StonetossIsANazi,
LyricalWriting,
Columbus,
canadahousing,
MovieSuggestions,
apexuniversity,
eating_disorders,X
AreTheStraightsOK,
occupywallstreet,
WhatIsThisPainting,
XboxSupport,
Cigarettes,
youseeingthisshit,
evangelion,
Borderlands2,
latin,X
gabapentin,
Buddhism,
nostalgia,
indiegameswap,
WelcomeToGilead,
PetiteFashionAdvice,
ImaginarySkyscapes,
normalboots,
SpecialHumor,
CliffSide,
artstore,
CATHELP,
Neurologists,
gallbladders,
bahai,
Morocco,X
Stellaris,
technicallythetruth,
Chilledout,
WonderlustCoven,
Welding,
u_thoughtbot100,
Methadone,
twentyonepilots,
PlusSize,
NarcissisticAbuse,
destiny2,
rubberducks,
blenderhelp,
isfp,
Muppets,
excel,
japan,X
rct,
ferrets,
AdrianaLima,
YoungPeopleDiscord,
ImaginaryDerelicts,
blackcats,
Gamingcirclejerk,
Shamanism,
tabletopsimulator,
MaybeHere,
Mortytown,
spiders,
selfpublish,
teentitans,
Scrubs,
politics,
legaladviceofftopic,
snackexchange,
dogswithjobs,
Teenager_Polls,
beards,
Mistborn,
Vocaloid,
Nijisanji,
SonicTheHedgehog,
RepTime,
Blep,X
u_Mashire13,
Schizotypal,X
tattooscratchers,
Supplements,
MtF,
BattleJackets,
polyamory,
foundsansundertale90,
shittymoviedetails,
spaceghost,
RealEventOCD,X
XRP,
Gunners,
nuzlocke,
PixelArtTutorials,
jerma985,
meatcrayon,
mysticmessenger,
RBI2,
ImaginarySoldiers,
ftm,
blackbookgraffiti,
homeassistant,
FierceFlow,
ImaginaryMechs,
AskAcademia,
interesting,
GifRecipes,
RocketLeague,
theHunter,
dbz,
Dominos,
EDanonymemes,X
mead,
audiophile,
drunk,
MMA,
Favors,
relationship_advice,
wonderdraft,
AncestryDNA,
asiangirlsbeingcute,
blacksmithing,
UKfood,
bertstrips,
tomodachilife,
GME,
Animators,
fluxmasterrace,
minimalism,
Canada_sub,
newbrunswickcanada,
audioengineering,
MAFS_AU,
pickuplines,
EverythingScience,
onguardforthee,
Austria,X
ppnojutsu,
ImaginaryPathways,
Cobleskill,
arabic,X
ArchitecturePorn,
StarStable,
alcohol,
fightporn,
Gifted,
StudentLoans,
Kaylemains,
DrDisrespectLive,
DIY,
tf2,
firstimpression,
menswear,
clevercomebacks,
nosleep,
Nootropics,
fragrance,
gigabytegaming,
teenagers,
AskHistorians,
banhammer,
WindowsHelp,
tasmania,
Seattle,
harrypotterporn,
EastBrunswick,
KingOfTheHill,
ugly,
PeopleFuckingDying,
malementalhealth,X
DogfreeHumor,
ShittyDaystrom,
Cd_collectors,
YangForPresidentHQ,
nyc,
hypotheticalsituation,
DestinyTechSupport,
TattooBeginners,
vaxxhappened,
evergreen,
esea,
runaway,
strange,
freemagic,
Babysitting,
WarriorCats,
AccidentalSlapStick,
MoriCalliope,
LenovoLegion,
DrawingRequests,
juliensolomita,
EatTheRich,
behindthebastards,
FrugalFemaleFashion,
TeemoTalk,
LoadingIcons,
beatmakers,
junjiito,
wallstreet,
MedievalHistory,
hayeren,X
london,
editors,
southpaws,
DiagnoseMe,
Kanata,
glasses,
DID,X
uncommonposes,
RealEstate,
economicCollapse,
CarleeRussell,
Asthma,
Whatisthis,
MadOver30,
ImaginaryColorscapes,
Patches,
RobinHood,
collectables,
gamemaker,
SaintsRow,
stationery,
AAAAAAAAAAAAAAAAA,
languagelearning,X
PresidentialRaceMemes,
midlyinteresting,
silenthill,
TitansTV,
AutisticAdults,X
budgetdecks,
NewParents,
onewordeach,
AVGN,
dune,
Centrelink,
HumansAreMetal,
productivity,
carporn,
ImaginaryVampires,
GrowYourTDick,
HelpMeFind,
quityourbushtit,
boomershumor,
askphilosophy,
antifastonetoss,
hacking,
4chan,
hellsomememes,
Shitstatistssay,
1500isplenty,
Drumpf,
boopthesnoot,
identifythisfont,
wunkus,
androidapps,
Whatcouldgowrong,
funny,
vosfinances,
creepyencounters,
guitarlessons,
UnresolvedMysteries,
Boomerhumour,
SleepApnea,
Mushishi,
Gastroparesis,
pregnancyproblems,
MoldyMemes,
easyrecipes,
nba,
flonkers,
INTP,
ImaginarySeascapes,
DestructionPorn,
standupshots,
SandersForPresident,
catcare,
CleaningTips,
FinalFantasy,
Huniepop,
NoAnimePolice,
00snostalgia,
NoMansSkyTheGame,
mtfashion,
HighStrangeness,
kidneydisease,
SHEIN_,
codes,
Woodcarving,
periwinkle,
BobsBurgers,
lossofalovedone,
whybrows,
TLCsisterwives,
sounding,
RBT,
birding,
AreTheCisOk,
playrust,
haiku,
DanskeKommunister,X
phinvest,X
daddit,
MotoG,
brokenbones,
MildlyHumorous,
LVAnimation,
marvelmemes,
glassanimals,
GMEJungle,
Kanye,
ihavesex,
dragonballfighterz,
gamesupport,
symbol,
AskBalkans,X
weightwatchers,
stopdrinking,
chuck,
forza,
Groomedonline,
NoahGetTheBoat,
mylittlepony,
ketamine,
Starfield,
echoes,
gay_irl,
CredibleDefense,
aspiememes,X
GetMotivatedBuddies,
LetsTalkMusic,
poptarts,
bestoftheinternet,
lowendgaming,
IncelTear,
masterhacker,
AmongUs,
recipes,
FML,
SuicideSquadGaming,
FabFitFun,
Bitcoin,
Maine,
Luxembourg,X
Iceland,X
penisgag,
Hellenism,
AteistTurk,X
sexualassault,
Oldhouses,
triops,
syriancivilwar,X
AnimalCrossing,
beyondthebump,
RealTwitterAccounts,
grunge,
CampingandHiking,
BuyItForLife,
Reduction,
perfectlycutfucks,
weed,
CPTSDmemes,X
SmilingFriends,
SchoolOfShadows,
Wattpad,
bonehurtingjuice,
antisex,
fucklawns,
bdsm,
QualityReps,
samsungnotes,
HalloweenCostume,
blur,
AbstractArt,
worldevents,
cockatoos,
mealprep,
playstation,
AmateurFoodPorn,
eden,
CPAP,
wowclassic,
kencarson,
McJuggerNuggets,
u_ofcabbagesandkings14,
beats,
arcadefire,
LowerDecks,
gigabyte,
Artaintfree,
LGG3,
Plumbing,
Flipping,
CollectibleAvatars,
CombatFootage,
Pennsylvania,
Catholicism,
Poetry,
animepiracy,
FemdomHumiliation,
CrappyDesign,
ImaginaryBooks,
TheYouShow,
exvegans,
Paranormalvideos,
yugioh,
MeetNewPeopleHere,
Screenwriting,
suddenlyouija,
Pizza,
zoology,
unket,X
snowrunner,
Transmogrification,
Ubuntu,
squishmallows,
Im15AndThisIsYeet,
AIDungeon,
u_timeslippers,
MotherMother,
WaifuPolls,
badphysics,
ImaginaryDestruction,
StarTrekShipBuilders,
motorcycles,
migraine,
CountOnceADay,
sylvanianfamilies,
guitarporn,
budgies,
guro,
harrypotter,
cowcats,
hopeposting,
COVID19positive,
HaloStory,
SurreyBC,
crockpot,
Crypto_General,
energy_work,
PupPlay,
horrorbookclub,
MosquitoHating,
AirpodsPro,
gtaonline,
howyoudoin,
CPTSDFightMode,X
SpottedonRightmove,
trt,
UnusualArt,
EVAAI,
ObviousPlant,
Needafriend,
volt,
UFOB,
ChristmasDecorating,
u_ThatGirl_InTheCorner,
techwearclothing,
counterstrike,
Breakfast,
Eldenring,
PaymoneyWubby,
TwoSentenceSadness,
ZombieSurvivalTactics,
HungryArtists,
Lenormand,
mentalhealth,X
CookingMama,
deadmeatjames,
retailhell,
birthcontrol,
civilengineering,
TravelHacks,
LookatMyHalo,
Kent,
GuiltyPleasureMusic,
scratch,
PeeDesperationMemes,
savedyouaclick,
paris,X
MildlyBadDrivers,
buildabear,
PositiveChatGPT,
ImaginaryImmortals,
akron,
houston,
LegendsOfTomorrow,
weddingshaming,
selfimprovement,
WhitePeopleTwitter,
nostr,
xmen,
Jeopardy,
unknownvideos,
CorpseHusband,
childfree,
inspirobot,
StrangeEarth,
Inkmaster,
KingdomHearts,
dirtyr4r,
violinist,
Fez,
kickopenthedoor,
rock,
Fighters,
LittleWitchAcademia,
Picross,
adorableoldpeople,
ImaginaryWinterscapes,
MeepoBoards,
plants,
slimerancher,
starseeds,
ehlersdanlos,
autechre,
Bernie_Sanders,
ProRevenge,
awwnverts,
OddlyTriggered,
MadeMeCry,
RATS,
MagicCardPulls,
Makeup,
DungeonsAndDaddies,
libertarianmeme,
RealGirls,
LatinoPeopleTwitter,X
NSFW_Wallpapers,
RandomThoughts,
disability,
SomebodyMakeThis,
germany,X
shutupwesley,
dashcams,
ChineseLanguage,X
SaintsAndSinners,
vexillologycirclejerk,
WireWrapping,
Scams,
TheLetterH,
StLouis,
FASCAmazon,
comicbooks,
deftones,
squarespace,
learnpython,
bloodborne,
seinfeld,
goats,
supermariosunshine,
promocode,
HalloweenHardcore,
eyes,
malehairadvice,
SFMCompileClub,
furry_irl,
thesimscc,
WesternAustralia,
BeggingChoosers,
AskWomenOver30,
Beacon23,
bestoflegaladvice,
Gnostic,
EthereumNameService,
dumbasseswithlighters,
aiArt,
UKPersonalFinance,
charcoal,
psychoticreddit,X
LeaksDBD,
PlagueDoctorMemes,
Lain,
vegetablegardening,
KindVoice,
place,
SpongebobMemes,
no,
NintendoSwitch,
howtokeepanidiotbusy,
u_Boneyard_Art,
iranian,X
amanita,
lexapro,
starcitizen,
PiratedGames,
MMTLP_,
swingersr4r,
LuxuryLifeHabits,
Gotham,
puppies,
AskAnAmerican,
mystery,
kungpow,
DeepThoughts,
cursedvideos,
mallninjashit,
HistoryMemes,
roaches,
listentothis,
PeanutButter,
pokeplush,
danishlanguage,X
Charity,
okbuddyarkham,
modhelp,
AskReddit,
TShirts,
Witcher3,
selvgjortvelgjort,X
AppleWatch,
plural,
SmashingPumpkins,
GreatBritishMemes,
AmericaBad,
Nebraska,
blessedcomments,
HPsmut,
creepyasterisks,
reddeadredemption2,
ukvisa,
HellsKitchen,
misophonia,
GamingLeaksAndRumours,
discordapp,
musked,
ACAB,
Fantasy,
LAjobs,
SingaporeRaw,
FuckTheS,
HorrorGaming,
ClickerHeroes,
boomertime,
firefly,
btd6,
Teachers,
aiyiff,
mac,
3dsFCswap,
socialskills,
TheGoodPlace,
GilbertSyndrome,
regretfulparents,
lokean,
walmart,
ColorizedHistoryMemes,
Tupac,
90smusic,
ICanDrawThat,
Turkey,X
YGOFeedback,
balkans_irl,X
PermabannedFromSubs,
BeginnerWoodWorking,
natureismetal,
wayland,
C_Programming,
ventart,
ImaginaryAssassins,
UNBGBBIIVCHIDCTIICBG,
conceptart,
Hayward,
ImaginaryScience,
papermario,
futurama,
dndmaps,
OneyPlays,
numerology,
ChernobyliteGame,
warlfg,
diablo2,
bizarrelife,
reddit.com,
history,
hamstercare,
camping,
videoart,
BanFemaleHateSubs,
OCDRecovery,X
2ndYomKippurWar,X
OccultArt,
russian,X
AnxietyDepression,X
weeviltime,
FancyFollicles,
ProCreate,
OnePiece,
AskNYC,
nosleepDisney,
OfficeDrummer,
italy,X
nerdcubed,
Mommitmeetup,
Minecraftbuilds,
BeulPing,
DDLC,
AnarchyChess,
pseudoscorpiontime,
fo4,
WFH,
thco,
RobloxHelp,
Prison,
OnOff,
ftmmm,
discozoo,
DuelLinks,
diabetes_t2,
Washington,
ShittyLifeProTips,
Ozark,
lerightgeneration,
borbs,
FemaleDatingStrategy,
HarryPotterGame,
AmazonFC,
SkyrimModsXbox,
Palia,
heck,
bestof,
Scorpions,
TheElderScrollsOnline,
Tacoma,
houseofleaves,
nursing,
Spore,
JailbreakSwap,
styrofashion,
UnconventionalMakeup,
ImaginaryFashion,
VladimirMains,